time,error,Simulation_reset
0.01,0.002557856093552413
0.02,0.003192243915346449
0.03,0.0023164180361257003
0.04,0.0007433886682028934
0.05,-0.0007066920033960145
0.06,-0.001546986990568211
0.07,-0.0016604838733402794
0.08,-0.0011685023411467377
0.09,-0.00017973999175024957
0.1,0.0010136020573869864
0.11,0.0021073526076365034
0.12,0.00289237501435613
0.13,0.003259376648079293
0.14,0.0031957765947754346
0.15,0.0027670843048288596
0.16,0.002088366326769009
0.17,0.0012977872605768326
0.18,0.000526594276064607
0.19,-0.00012516946701124354
0.2,-0.0005767198482775626
0.21,-0.0008080661422193991
0.22,-0.0008240366774936447
0.23,-0.0006595461209979447
0.24,-0.00036726576232215535
0.25,-2.1611669853704996e-05
0.26,0.000371292941352408
0.27,0.0007077863272275664
0.28,0.0009728512901263642
0.29,0.0011475384836767688
0.3,0.0012254342433992704
0.31,0.0012152996514136483
0.32,0.0011330954266264293
0.33,0.000999814862820969
0.34,0.0008360774503324286
0.35,0.0006663252550120902
0.36,0.0005071355361452312
0.37,0.00037099074314594915
0.38,0.00026526281899030835
0.39,0.0001925032582739128
0.4,0.00015106940982168027
0.41,0.00013624136207202042
0.42,0.00014138497266946715
0.43,0.00015895804906351785
0.44,0.0001946844864320063
0.45,0.0002311128835708054
0.46,0.0002644411510765998
0.47,0.00029279488255928854
0.48,0.000312823456118938
0.49,0.0003248417932044667
0.5,0.0003295661656177451
0.51,0.0003284423407645676
0.52,0.000322806617256699
0.53,0.0003146234171391704
0.54,0.00030564017840628566
0.55,0.00029132731754977215
0.56,0.0002698705628967346
0.57,0.00025177568058420974
0.58,0.00023416653202490423
0.59,0.00023818460539892783
0.6,0.00024012451025567927
0.61,0.00022494232306824458
0.62,0.00020289372350212886
0.63,0.00017991970241659772
0.64,0.00016299029272248688
0.65,0.0001493738633784325
0.66,0.0001411515351001924
0.67,0.00014544807552363537
0.68,0.00015377385279125022
0.69,0.00016205821059100955
0.7,0.00016507034269475085
0.71,0.00016770712922387077
0.72,0.00015727651866859205
0.73,0.00014272703407147702
0.74,0.00012887124433591524
0.75,0.00012285385219135136
0.76,0.00012731146041389252
0.77,0.00012775691556665691
0.78,0.00012699961840167973
0.79,0.00011518544959843169
0.8,0.00011719965250289732
0.81,0.00011771453793718578
0.82,0.00011384507454748061
0.83,0.00010965055121880951
0.84,9.987403166489273e-05
0.85,0.00010595576676042384
0.86,0.00010043684617988546
0.87,9.770910224915497e-05
0.88,9.297543624997573e-05
0.89,9.186709061470566e-05
0.9,8.999436318157805e-05
0.91,8.303911224638583e-05
0.92,8.944607526650827e-05
0.93,8.598123531156077e-05
0.94,8.660389477554986e-05
0.95,7.743326298159658e-05
0.96,7.871498301170732e-05
0.97,7.502486977672973e-05
0.98,7.216621024763725e-05
0.99,7.472534980790257e-05
1.0,-25.463274384754918
1.01,-25.46327221362952
1.02,-25.46328044240874
1.03,-25.463274207890436
1.04,-21.492381339681
1.05,-16.99994206305579
1.06,-6.0549823627408195
1.07,-0.6697811521448109
1.08,-0.025747540478615605
1.09,0.11885595007002081
1.1,0.28058924447667266
1.11,0.4575093696253809
1.12,0.6320100214774165
1.13,0.7907790345063503
1.14,0.9254627536556832
1.15,1.0319342112132546
1.16,1.1093322967960155
1.17,1.1591374830298236
1.18,1.1843407917679123
1.19,1.1888059569131606
1.2,1.1767764709630235
1.21,1.1525588961748383
1.22,1.1202995455460574
1.23,1.0838259614669887
1.24,1.0465559330101293
1.25,1.011402358259165
1.26,0.9807212720151632
1.27,0.9562477251745669
1.28,0.9390827675909215
1.29,0.9296887011562198
1.3,0.9279223956856555
1.31,0.90951400553298
1.32,0.8939115288535575
1.33,0.8830905216788061
1.34,0.8755184319342639
1.35,0.8694592379655575
1.36,0.8633367625167345
1.37,0.855862761388444
1.38,0.8461084676762347
1.39,0.8335143058912813
1.4,0.8179026342450513
1.41,0.7994169004714493
1.42,0.778082142780665
1.43,0.7547751491266759
1.44,0.7308047735158176
1.45,0.706525827028333
1.46,0.6825647867703495
1.47,0.6595227874499372
1.48,0.6373802566007285
1.49,0.6174133248405056
1.5,0.5993028668027307
1.51,0.5830393313654305
1.52,0.5685030598982266
1.53,0.5554794274020622
1.54,0.5437033063740664
1.55,0.5328751878418316
1.56,0.5227094389634033
1.57,0.5129405964390799
1.58,0.5033567390343165
1.59,0.4937968545128335
1.6,0.4841580626760269
1.61,0.4743990102103872
1.62,0.46451589539049465
1.63,0.45430591949058297
1.64,0.4442925103878288
1.65,0.4343815066789176
1.66,0.4246155494803112
1.67,0.41481931237098735
1.68,0.40552915037557824
1.69,0.39660836103439223
1.7,0.3880542129568525
1.71,0.37987311701192183
1.72,0.3720658504274361
1.73,0.3646126131375702
1.74,0.3574906430712588
1.75,0.35067068001406554
1.76,0.34393684903720256
1.77,0.33760048962012235
1.78,0.3315009527811341
1.79,0.3255928218922932
1.8,0.31985092452486086
1.81,0.3142668737473038
1.82,0.3088317035641026
1.83,0.30353931051573824
1.84,0.29839231385834
1.85,0.29338562576950267
1.86,0.28851519521778
1.87,0.28378581703352523
1.88,0.2792011706418407
1.89,0.2747556983069934
1.9,0.27044649640266627
1.91,0.2662724512689145
1.92,0.2622248841258461
1.93,0.25830064739185943
1.94,0.2544923829599952
1.95,0.25080045926525685
1.96,0.24721689270969804
1.97,0.24374027414514288
1.98,0.24036845658852002
1.99,0.23709584148101115
2.0,25.697269964487887
2.01,25.694193403529994
2.02,25.697154429402627
2.03,25.70090894776851
2.04,21.69733110215239
2.05,10.683579373613988
2.06,-1.2096763963980184
2.07,-6.685665704718799
2.08,-7.366355824668524
2.09,-7.55514745251729
2.1,-7.76742801684555
2.11,-7.995292650955528
2.12,-8.21660476556959
2.13,-8.415133629999879
2.14,-8.58098557044433
2.15,-8.709586546928287
2.16,-8.800406744580393
2.17,-8.85577538360382
2.18,-8.879828932205331
2.19,-8.877720315255784
2.2,-8.855019223118294
2.21,-8.817319600501412
2.22,-8.769967643040449
2.23,-8.71787264171658
2.24,-8.66539268866066
2.25,-8.616210361477627
2.26,-8.573273530362549
2.27,-8.538713481145324
2.28,-8.513835277967708
2.29,-8.499114139613704
2.3,-8.494249737394915
2.31,-8.282485124738681
2.32,-8.265556760234844
2.33,-8.280994697191302
2.34,-6.975621103212212
2.35,-3.353998390397439
2.36,0.5589864379740628
2.37,4.495983766696117
2.38,6.313720382732038
2.39,6.555319034547957
2.4,6.640368145121702
2.41,6.736238718103749
2.42,6.837854056980383
2.43,6.93600900833917
2.44,7.023972429332124
2.45,7.097567449615047
2.46,7.154767817407739
2.47,7.195204977693733
2.48,7.2197386094459155
2.49,7.230043541760381
2.5,7.228321173252763
2.51,7.217043415817459
2.52,7.198781809334185
2.53,7.176066519791025
2.54,7.151265409510454
2.55,7.126506012065111
2.56,7.1035859793011324
2.57,7.083927555483161
2.58,7.068523462253424
2.59,7.057936104821567
2.6,7.052302579781626
2.61,6.872170770117963
2.62,6.851838567857051
2.63,6.857113454067598
2.64,5.765266009901544
2.65,2.75050870778077
2.66,-0.5054269731007865
2.67,-2.000661190269868
2.68,-2.1809206115125757
2.69,-2.2276584707333003
2.7,-2.2825432685532054
2.71,-2.343443360079911
2.72,-2.4041736209216213
2.73,-2.460034636398838
2.74,-2.507987486529024
2.75,-2.5464028718881027
2.76,-2.5747589764247247
2.77,-2.5933554346605248
2.78,-2.6030431425204426
2.79,-2.605032680667072
2.8,-2.6007266688914066
2.81,-2.591621879149224
2.82,-2.5792111469359447
2.83,-2.5649263443393067
2.84,-2.5500866232917985
2.85,-2.5358404811896462
2.86,-2.523144052402848
2.87,-2.5127096023115203
2.88,-2.505007836108446
2.89,-2.5002459968023794
2.9,-2.4983935764238097
2.91,-2.181801939309558
2.92,-1.8260009108903552
2.93,-1.5099227784506053
2.94,-1.198538421283033
2.95,-0.9709487777631343
2.96,-0.7916593222543189
2.97,-0.6442096387519602
2.98,-0.5210904339441291
2.99,-0.4178615474291525
3.0,-0.3314628226935201
3.01,-25.709799906459683
3.02,-25.648785877685782
3.03,-25.63335844648397
3.04,-25.624356564039033
3.05,-21.60743400094918
3.06,-10.5784335724141
3.07,1.3288099329100724
3.08,6.813958543146914
3.09,7.499900979090729
3.1,7.692356753462352
3.11,7.90721050359522
3.12,8.136851302355534
3.13,8.3594275743739
3.14,8.55898779829749
3.15,8.725900843267855
3.16,8.85579853980656
3.17,8.948325052586139
3.18,9.005909921338581
3.19,9.032749991982481
3.2,9.033987975952702
3.21,9.01514374940989
3.22,8.981727449725323
3.23,8.93896820370416
3.24,8.891666999678169
3.25,8.844055651404137
3.26,8.799723753342814
3.27,8.761527544843535
3.28,8.731543891975225
3.29,8.711041426639714
3.3,8.700479411900641
3.31,8.6995724446064
3.32,7.602852882467278
3.33,7.4728305886873265
3.34,7.485600471874786
3.35,6.146929238727445
3.36,2.7002809677308903
3.37,-1.3265354502282456
3.38,-3.16835337537157
3.39,-3.387322920902939
3.4,-3.441972313713517
3.41,-3.5071476205032894
3.42,-3.580177272150447
3.43,-3.6533160720831326
3.44,-3.7206151017875904
3.45,-3.7781307173426164
3.46,-3.8236706364201964
3.47,-3.856423465008394
3.48,-3.8766359804280874
3.49,-3.8852905888853613
3.5,-3.8838727794268024
3.51,-3.8741669312615095
3.52,-3.8581065113418944
3.53,-3.8376648828019455
3.54,-3.8147449129305997
3.55,-3.7911087967623907
3.56,-3.768293894437946
3.57,-3.7475699031119234
3.58,-3.7298811249343196
3.59,-3.7158295610414704
3.6,-3.7056757227311543
3.61,-3.6993479264205007
3.62,-3.226069593242215
3.63,-2.6947137212391468
3.64,-2.2224567894012885
3.65,-1.7569754895119765
3.66,-1.4165299061982601
3.67,-1.1482672893585075
3.68,-0.927715007725638
3.69,-0.7437415713830653
3.7,-0.583520301083496
3.71,-0.4548091511152208
3.72,-0.34888266158212033
3.73,-0.26208070369853687
3.74,-0.1829912205002877
3.75,-0.12648616374362476
3.76,-0.08376389970820952
3.77,-0.044563215514848764
3.78,-0.020297372784263246
3.79,4.178600899962248e-05
3.8,0.010127381837289562
3.81,0.014684326420209004
3.82,0.016021989912982093
3.83,0.015405530441871207
3.84,0.013839603409948609
3.85,0.011741662046976131
3.86,0.009877021393151608
3.87,0.008573576022197216
3.88,0.008041455249291118
3.89,0.008362331089987407
3.9,0.009437905294330307
3.91,0.011281142813626133
3.92,0.013665517387568826
3.93,0.016369367543941138
3.94,0.019404594155748356
3.95,0.022317544296885927
3.96,0.02470469974759837
3.97,0.02664336964613412
3.98,0.02810007263324721
3.99,0.029052623507109132
4.0,0.029706733591403633
4.01,25.493153671195653
4.02,25.492815643201418
4.03,25.492219700131884
4.04,25.49519759727524
4.05,21.522977833752176
4.06,10.596168602072675
4.07,-1.2032027679693624
4.08,-6.636287642007261
4.09,-7.312141878183183
4.1,-7.499970523983985
4.11,-7.711034024704071
4.12,-7.93748067631417
4.13,-8.15734127245088
4.14,-8.354512060139802
4.15,-8.51919919127499
4.16,-8.646870122354136
4.17,-8.737028882805172
4.18,-8.79199949000226
4.19,-8.815909406485991
4.2,-8.813883795004402
4.21,-8.791457316230922
4.22,-8.75418730079431
4.23,-8.707372739821855
4.24,-8.655887182509122
4.25,-8.604036667065156
4.26,-8.555475946640549
4.27,-8.513113692852787
4.28,-8.479060951825739
4.29,-8.454607251292279
4.3,-8.440216264952403
4.31,-8.435597181534327
4.32,-8.439783134902736
4.33,-8.45129182126798
4.34,-8.468275543686348
4.35,-7.173215877289274
4.36,-5.706820141929301
4.37,-2.102327532258177
4.38,1.790714891459726
4.39,2.26721908555642
4.4,2.3173899025727596
4.41,2.3739182881764376
4.42,2.443511373193068
4.43,2.5179507054596795
4.44,2.590196764124675
4.45,2.655219900268262
4.46,2.7098648291894833
4.47,2.7525319571601847
4.48,2.7828521888340796
4.49,2.8013492803422335
4.5,2.809180521762935
4.51,2.8079085638040957
4.52,2.799326349611566
4.53,2.7853350017683254
4.54,2.767818748807074
4.55,2.7485776620681968
4.56,2.729231320433101
4.57,2.7111728908278887
4.58,2.695505748338518
4.59,2.683013624150219
4.6,2.6741521140581015
4.61,2.6690396308515796
4.62,2.328025768612507
4.63,1.9462249715246083
4.64,1.6027342715433712
4.65,1.3189455259311322
4.66,1.0837463603778819
4.67,0.8883721330050931
4.68,0.7253201445629531
4.69,0.588736837031385
4.7,0.4741273943561719
4.71,0.36070204979114173
4.72,0.2781599425658743
4.73,0.19924253957227078
4.74,0.14533134745212672
4.75,0.10517325910049502
4.76,0.07419285534068232
4.77,0.05051235531404297
4.78,0.03296963435687639
4.79,0.020592686302707275
4.8,0.012479801866915885
4.81,0.006190805165726676
4.82,0.003712360163916628
4.83,0.0027771760245687283
4.84,0.0036608082951028464
4.85,0.005350194448432433
4.86,0.00712858958614504
4.87,0.008822228998699444
4.88,0.009795160043148954
4.89,0.010114448155797984
4.9,0.009718081675080814
4.91,0.008712819900058566
4.92,0.007225566554500684
4.93,0.005277953308722161
4.94,0.003276785447681174
4.95,0.0012994771077790013
4.96,-0.0007400784832967133
4.97,-0.0023619248854944708
4.98,-0.003606658265262741
4.99,-0.0046901274468957865
5.0,-0.005236910659442984
5.01,-25.46874169520325
5.02,-25.468681703939733
5.03,-25.46902824169934
5.04,-25.469295236894133
5.05,-21.497702930438454
5.06,-17.004371970649025
5.07,-5.372935852132983
5.08,0.05660893357551444
5.09,0.7062546701158894
5.1,0.8551669955737005
5.11,1.021877765303902
5.12,1.203967314616218
5.13,1.3833297215604894
5.14,1.5463078435184983
5.15,1.6843598789780643
5.16,1.7932813389538147
5.17,1.8722414779260923
5.18,1.922794778335433
5.19,1.9480575208476232
5.2,1.9520213846200996
5.21,1.9390694639959953
5.22,1.9136431160645095
5.23,1.8799995542019126
5.24,1.8420807065023617
5.25,1.8033854106724014
5.26,1.7669049944946664
5.27,1.7350450615174182
5.28,1.7095807136189016
5.29,1.691636460191603
5.3,1.6816731564223524
5.31,1.6795467260009467
5.32,1.4710734180484515
5.33,1.240847960356227
5.34,1.040218065018827
5.35,0.8741425800121938
5.36,0.7374040254783303
5.37,0.6024965783203378
5.38,0.5056642287465003
5.39,0.42549172316369877
5.4,0.3562707975005246
5.41,0.2954246473660085
5.42,0.2417043298477708
5.43,0.1944878426076464
5.44,0.14665304090343412
5.45,0.11079342428262251
5.46,0.08256312960672929
5.47,0.06030303380103064
5.48,0.03979356758098973
5.49,0.027253619668108797
5.5,0.01992784838001782
5.51,0.016206975427746073
5.52,0.015600733857063176
5.53,0.01713499617509484
5.54,0.020069765676151263
5.55,0.023726255837043908
5.56,0.027526668557047884
5.57,0.031002654212159086
5.58,0.034300268493439035
5.59,0.036757405842866575
5.6,0.03776251057362856
5.61,0.037721543959708725
5.62,0.036962735915849976
5.63,0.035483074216582366
5.64,0.03356970476162857
5.65,0.03144232171478478
5.66,0.029296190136332
5.67,0.02702243083211542
5.68,0.025255003348608085
5.69,0.023903063493282417
5.7,0.02272677935738443
5.71,0.022126860134246584
5.72,0.021783692232450136
5.73,0.02187134588233164
5.74,0.022216130677204404
5.75,0.022714276652433085
5.76,0.02328124591772962
5.77,0.023858358695658666
5.78,0.02446297132258124
5.79,0.0250012997110467
5.8,0.025356767953450543
5.81,0.025583978236397797
5.82,0.025707179600349406
5.83,0.025748544045097077
5.84,0.0257238125673922
5.85,0.025629508948117774
5.86,0.02550030419596183
5.87,0.025342577457450943
5.88,0.025194380125522997
5.89,0.02505984876541234
5.9,0.02494481142424121
5.91,0.02485571910737505
5.92,0.024787021178891422
5.93,0.024740380599791223
5.94,0.024706925627278054
5.95,0.024687093900237045
5.96,0.024675592997446927
5.97,0.024667317922062892
5.98,0.024663698723262684
5.99,0.024657654832775933
6.0,0.024653011132951264
6.01,25.487990729723304
6.02,25.48799629716885
6.03,25.49112376730935
6.04,25.494660268832778
6.05,21.5234758479739
6.06,10.599189390384108
6.07,-1.197444467671096
6.08,-6.629096430893153
6.09,-7.304544339702441
6.1,-7.4921576678629265
6.11,-7.703103842501302
6.12,-7.929529483760682
6.13,-8.149457014604668
6.14,-8.346767707357486
6.15,-8.511649806915598
6.16,-8.639552836017065
6.17,-8.729964907235923
6.18,-8.785197261931188
6.19,-8.80936805379018
6.2,-8.807595986979152
6.21,-8.785411872300305
6.22,-8.748371050230297
6.23,-8.701771634163894
6.24,-8.650487127785942
6.25,-8.598823904591084
6.26,-8.550437445626219
6.27,-33.971582483880454
6.28,-33.93768119850203
6.29,-33.9133697990646
6.3,-33.899113870602
6.31,-33.89462465191701
6.32,-29.59548602745192
6.33,-29.04189163574456
6.34,-29.028986325231486
6.35,-23.740814519473112
6.36,-9.19980011906727
6.37,6.505784645258181
6.38,13.749449862670186
6.39,14.668756478324536
6.4,14.938501833096783
6.41,40.70109579031825
6.42,41.01924987418876
6.43,41.32696629961464
6.44,41.60252691089971
6.45,41.832698818817406
6.46,42.011382337962054
6.47,42.13792418716538
6.48,42.21551759409972
6.49,42.249837561379536
6.5,42.248002643929155
6.51,42.21777656481658
6.52,42.16700349042042
6.53,42.10323169504839
6.54,42.033410850893056
6.55,41.96368839404735
6.56,41.89923652119694
6.57,41.84413772763998
6.58,41.80129105338003
6.59,41.77237068914104
6.6,41.757868633850826
6.61,41.75717644365083
6.62,36.467662130458436
6.63,30.491899028555295
6.64,29.787576066492683
6.65,29.755556669445486
6.66,12.676614462397133
6.67,-6.657486134724621
6.68,-15.583498697782339
6.69,-16.707001889575135
6.7,-17.021379809465436
6.71,-17.3668765729322
6.72,-17.73357992220948
6.73,-18.087791178959392
6.74,-18.404263911976496
6.75,-18.6675205227643
6.76,-18.87033241223228
6.77,-19.011984300269095
6.78,-19.096378873202575
6.79,-19.130276724729015
6.8,-19.1221280581733
6.81,-19.08113742355306
6.82,-19.016598041026878
6.83,-18.937400148737044
6.84,-18.85170876128424
6.85,-18.76666972874556
6.86,-18.688252960900094
6.87,-18.62111802021483
6.88,-18.56852683366813
6.89,-18.532308395599102
6.9,-18.51290403556676
6.91,-18.509504945986237
6.92,-16.170030223831397
6.93,-15.883518749796314
6.94,-15.897546191376975
6.95,-13.03376453502308
6.96,-9.788009863504687
6.97,-1.8481358121024605
6.98,2.054131275515465
6.99,2.5139935044716277
7.0,2.6148206350940573
7.01,2.731870775196974
7.02,2.8632361642094795
7.03,2.9953979076668524
7.04,3.117791605889355
7.05,3.223371392851364
7.06,3.3081813812972305
7.07,3.370741639918413
7.08,3.4114643530640842
7.09,3.4320864395610506
7.1,3.4352365149939112
7.11,3.4240641078417444
7.12,3.4019742683584275
7.13,3.3724107181087115
7.14,3.3386753354360987
7.15,3.303800494028759
7.16,3.270417979950051
7.17,3.240678477391572
7.18,3.2161695108729638
7.19,3.1978952324305476
7.2,3.1862711236086727
7.21,-22.28218436378852
7.22,-22.685878989694977
7.23,-22.73327731963268
7.24,-22.726662612302462
7.25,-19.242216900750513
7.26,-10.360103106242864
7.27,0.0036219745010086513
7.28,4.764733228629293
7.29,8.836254749497993
7.3,9.4597990170606
7.31,9.669187249765354
7.32,9.8846235123244
7.33,10.099652748364758
7.34,10.297565959509473
7.35,10.46711526362797
7.36,10.60244851758117
7.37,10.701998402837791
7.38,10.767298449519718
7.39,10.801900510168036
7.4,10.810532759981253
7.41,10.798433862084924
7.42,10.770928579316017
7.43,10.733122192158167
7.44,10.689712420969062
7.45,10.644878243377715
7.46,10.602175704291174
7.47,10.564492814460404
7.48,10.533981630605705
7.49,10.512048946142304
7.5,10.499346557265543
7.51,10.495813273972065
7.52,10.50075782308853
7.53,10.51295656410753
7.54,10.530818742547407
7.55,10.552526327789142
7.56,6.291080157556145
7.57,1.4670284748938052
7.58,-0.7398670963513005
7.59,-0.9875966045236702
7.6,-1.0362217262748494
7.61,-1.0981584545130438
7.62,-1.171313938247092
7.63,-1.2470491308548546
7.64,-1.3185569088948164
7.65,-1.3811834728403092
7.66,-1.4321778058763854
7.67,-1.470329607279801
7.68,-1.4955860746169733
7.69,-1.5087375688559739
7.7,-1.5111251750725287
7.71,-1.5044502061466574
7.72,-1.4905981424884232
7.73,-1.4715300901828279
7.74,-1.4491812061683653
7.75,-1.4253718301990865
7.76,-1.4017510831653617
7.77,-1.3797112058012075
7.78,-1.360357948878928
7.79,-1.344454306676763
7.8,-1.3324228874402344
7.81,-1.3243435091021993
7.82,-1.1508356310361023
7.83,-0.959380012442395
7.84,-0.791475754304134
7.85,-0.6516631582653254
7.86,-0.5362667782316528
7.87,-0.4405289529956846
7.88,-0.3603476373818353
7.89,-0.2925496055473822
7.9,-0.23355517544541726
7.91,-0.1841951669509605
7.92,-0.14204418593347867
7.93,-0.10613666224189089
7.94,-0.07045656279846213
7.95,-0.04449596306825754
7.96,-0.024525364344420097
7.97,-0.008984690328002642
7.98,0.005341895831723065
7.99,0.014193644133744243
8.0,0.021418794455659196
8.01,25.487982433138107
8.02,25.488932564430108
8.03,25.491634385595265
8.04,25.49403062942163
8.05,21.52124509411892
8.06,17.02616702358883
8.07,6.072280152898591
8.08,0.6836441973663487
8.09,0.041021745507023866
8.1,-0.1013729492044213
8.11,-0.2605512569625823
8.12,-0.43456204203875526
8.13,-0.6058054788818201
8.14,-0.7610066726413489
8.15,-0.8918753733600204
8.16,-0.9943513833353657
8.17,-1.0676600787139834
8.18,-1.1133511833386267
8.19,-1.134481636577136
8.2,-1.1349641528296894
8.21,-1.119075035588999
8.22,-1.0911407676535267
8.23,-1.0552974959816863
8.24,-1.0153648420203298
8.25,-0.9747268007239507
8.26,-0.9362679766891358
8.27,-0.9023080793418314
8.28,-0.8745511820929375
8.29,-0.8540796914967608
8.3,-0.84133405054438
8.31,-0.836172147796379
8.32,-0.7781790368422925
8.33,-0.6670020857158931
8.34,-0.5657270734358022
8.35,-0.4819297147242807
8.36,-0.4135448612690107
8.37,-0.35539303682001755
8.38,-0.2980082495185421
8.39,-0.25473294325071727
8.4,-0.2093936735261881
8.41,-0.16797750243636944
8.42,-0.1355997379445517
8.43,-0.10728130313029105
8.44,-0.08173904751999306
8.45,-0.05901759509444826
8.46,-0.03942960126421813
8.47,-0.023262702951103442
8.48,-0.010651431116275312
8.49,-0.0015547847521446556
8.5,0.004247015190768089
8.51,0.008287066570247248
8.52,0.008892952462984383
8.53,0.007344177300065979
8.54,0.00447062168500878
8.55,0.0008962628216990787
8.56,-0.002869007707206883
8.57,-0.00640817401212912
8.58,-0.009467411146066862
8.59,-0.011731836321176026
8.6,-0.013549767374470001
8.61,-0.014202155323113086
8.62,-0.014001616415773022
8.63,-0.013167000952991614
8.64,-0.011879373156484796
8.65,-0.010316918319932533
8.66,-0.008651264695944683
8.67,-0.007027599736941781
8.68,-0.005568938843909521
8.69,-0.004354077518691213
8.7,-0.0034350691788631593
8.71,-0.0026685705676010585
8.72,-0.0023293499929311068
8.73,-0.002275795447452822
8.74,-0.002443756037429079
8.75,-0.0027607754814651386
8.76,-0.0031646607417812334
8.77,-0.003605394184762467
8.78,-0.004036415094985646
8.79,-0.004423917710720815
8.8,-0.004769731830021051
8.81,-25.46840727838631
8.82,-25.468575550925614
8.83,-25.468692846654523
8.84,-25.469379064928187
8.85,-24.843972286364057
8.86,-14.180275857579623
8.87,-2.4073189522305647
8.88,3.0054826560266115
8.89,3.6599014923434297
8.9,3.8241545489844064
8.91,4.011866703769776
8.92,4.217247212007599
8.93,4.419623302056305
8.94,4.60354671912064
8.95,4.759358336392886
8.96,4.882319114133292
8.97,4.971489937507641
8.98,5.028622808822526
8.99,5.057221574909423
9.0,5.061770058645816
9.01,5.047195761992992
9.02,5.018478174280858
9.03,4.980406865353583
9.04,4.937412322112127
9.05,4.893438188602868
9.06,4.8518632560636235
9.07,4.815413326009633
9.08,4.786117337227459
9.09,4.765260184103727
9.1,4.753396871448594
9.11,4.750384997707144
9.12,4.15202190694129
9.13,3.4816225269225995
9.14,2.8882535451624847
9.15,2.3901800379598157
9.16,1.9763951028391666
9.17,1.6317154944923118
9.18,1.3429084799162005
9.19,1.0996179986246268
9.2,0.8940118553183929
9.21,0.7201878708854146
9.22,0.5475700636740193
9.23,0.40879775850565636
9.24,0.31033888599142756
9.25,0.23296318411545158
9.26,0.17192930303848897
9.27,0.11490582768007584
9.28,0.07839942490145191
9.29,0.05464877926083389
9.3,0.03984565063697687
9.31,0.03184545585303411
9.32,0.028946664814927914
9.33,0.028629902561778664
9.34,0.03144572492757547
9.35,0.03559678793630283
9.36,0.04026869429048574
9.37,0.04401255219921296
9.38,0.04714905722627449
9.39,0.0483804021215235
9.4,0.0480819490073614
9.41,0.046546570282860245
9.42,0.04374730721313824
9.43,0.03997507869454964
9.44,0.03558470082680998
9.45,0.030981389662898096
9.46,0.026536148158825767
9.47,0.02315569817798746
9.48,0.02047471473321849
9.49,0.018488446671991454
9.5,0.0173156566798518
9.51,0.016826695384040136
9.52,0.016926171657338784
9.53,0.01748952687673011
9.54,0.01838418049703705
9.55,0.019466993072402516
9.56,0.02061028122291475
9.57,0.02170520438045287
9.58,0.022664800588469092
9.59,0.0235750876149865
9.6,0.024142792434179938
9.61,25.48780025687805
9.62,25.487899900081217
9.63,25.49093313331524
9.64,25.494256530569796
9.65,21.522790019725186
9.66,10.598209514221377
9.67,-1.1987584234728388
9.68,-6.630812920461255
9.69,-7.306718964805093
9.7,-7.494792529441767
9.71,-7.706188016985804
9.72,-7.933037098695587
9.73,-8.153346577388483
9.74,-8.351004748177084
9.75,-8.516188568558004
9.76,-8.644363661761219
9.77,-8.735019818957586
9.78,-8.790483345821379
9.79,-8.814883819962485
9.8,-8.81334483029502
9.81,-8.79141228370949
9.82,-8.754636775397007
9.83,-8.708324773192992
9.84,-8.6573387822897
9.85,-8.605989850253103
9.86,-8.557919962729938
9.87,-8.516036465807968
9.88,-8.482449409322847
9.89,-8.458438691640868
9.9,-8.444479273263198
9.91,-8.440271478487787
9.92,-8.444862896748758
9.93,-8.456766998593938
9.94,-8.47414769259955
9.95,-7.178761296800422
9.96,-5.711949393479876
9.97,-2.105873665382001
9.98,-0.3407941158401151
9.99,-0.14418833693712996
10.0,-0.10928873518129878
10.01,-0.0645842970639321
10.02,-0.010823119967671158
10.03,0.0457243070528901
10.04,0.09996962359520412
10.05,0.14833205388365966
10.06,0.1885736563442797
10.07,0.21958864951618695
10.08,0.241139111428057
10.09,0.2536489517294327
10.1,0.2580018148339547
10.11,0.2553921230898504
10.12,0.2472087583846183
10.13,0.23491904512523698
10.14,0.2200066723725569
10.15,0.20387671684565234
10.16,0.18781048173127424
10.17,0.1728934681487937
10.18,0.1599821698099646
10.19,0.14967463449698348
10.2,0.14229046597428407
10.21,0.1378930316712501
10.22,0.11823907419965085
10.23,0.09921149760108161
10.24,0.08455150299378378
10.25,0.07387646562167838
10.26,0.06599031727503091
10.27,0.05858452562512273
10.28,0.05294885211460043
10.29,0.04762737956640617
10.3,0.04207461833250825
10.31,0.035434502554525515
10.32,0.02830769632917951
10.33,0.02176527802089101
10.34,0.015468386356318753
10.35,0.009503552269201077
10.36,0.0040767417174270015
10.37,-0.0006056393424569428
10.38,-0.004400764655527745
10.39,-0.007366240601571761
10.4,-0.009244431570603062
10.41,-25.47355906271213
10.42,-25.473754983035835
10.43,-25.474639475916874
10.44,-25.47528377092098
10.45,-21.503135832353923
10.46,-10.581602124075069
10.47,1.2119041311285308
10.48,6.644063883053992
10.49,7.322702196374198
10.5,7.513709534666166
10.51,7.727927308392058
10.52,7.957476419022409
10.53,8.180382985430366
10.54,8.380541747027866
10.55,8.548161267713116
10.56,8.678726007082272
10.57,8.77175330576684
10.58,8.829595352932525
10.59,8.856393595038828
10.6,8.857292204782286
10.61,8.83783240782721
10.62,8.803573340950859
10.63,8.759812909908678
10.64,8.711409837939026
10.65,8.662667849691946
10.66,8.617219633558602
10.67,8.577968537193005
10.68,8.5470118818828
10.69,8.525630472632503
10.7,8.514286715427065
10.71,8.512682205292332
10.72,7.438979794740835
10.73,7.311493138427853
10.74,7.323899296202047
10.75,6.013987184448876
10.76,2.6414218074228693
10.77,-1.2988571156356699
10.78,-3.101132928070978
10.79,-3.315508275624339
10.8,-3.369207788153968
10.81,-3.433316497611422
10.82,-3.5052185375496308
10.83,-3.5773125157679893
10.84,-3.6437587956524915
10.85,-3.700678951387264
10.86,-3.7459008402652536
10.87,-3.778621747384001
10.88,-3.799060767575593
10.89,-3.8081794705082963
10.9,-3.80741830928077
10.91,-3.798525575195061
10.92,-3.783392268734012
10.93,-3.763947904998762
10.94,-3.7420605693663305
10.95,-3.7194493220631735
10.96,-3.697631384533331
10.97,-3.677842615375095
10.98,-3.66101721684095
10.99,-3.647743482944115
11.0,-3.638278954078924
11.01,-3.6325601645127428
11.02,-3.1683680697417316
11.03,-2.6470903838342466
11.04,-2.1632439532745984
11.05,-1.7731098109706167
11.06,-1.4503815990490203
11.07,-1.1820453598312746
11.08,-0.9168890252771149
11.09,-0.7237437722556805
11.1,-0.5714294454467428
11.11,-0.42198589317073854
11.12,-0.3155852833802619
11.13,-0.23376991235391387
11.14,-0.1687854325538929
11.15,-0.1173514554361148
11.16,-0.07740835483120989
11.17,-0.047280295920135273
11.18,-0.02036095957643269
11.19,-0.0046882629367424045
11.2,0.004233545975150577
11.21,25.472106525741275
11.22,25.474542808950286
11.23,25.475264225295867
11.24,25.47524991232332
11.25,21.50257859094905
11.26,10.581095794314255
11.27,-1.2119282295244638
11.28,-6.6434470392566265
11.29,-7.321094771392533
11.3,-7.510509593310129
11.31,-7.722527538151072
11.32,-7.949347580919943
11.33,-8.169099979843963
11.34,-8.365803969306814
11.35,-8.529800142862488
11.36,-8.656690792783607
11.37,-8.746103801012568
11.38,-8.80046745800836
11.39,-8.823987649120754
11.4,-8.821836971168706
11.41,-8.799568263563316
11.42,-8.762728480836481
11.43,-8.716582438352873
11.44,-8.66595274871867
11.45,-8.615084986955576
11.46,-8.567571259420077
11.47,-8.526261381932658
11.48,-8.493217434565416
11.49,-8.469692339817863
11.5,-8.4561272636747
11.51,-8.452222932196559
11.52,-7.383517054644706
11.53,-7.254544968628844
11.54,-7.264483010425002
11.55,-7.279569701855895
11.56,-3.8432514056185196
11.57,0.047745911865462176
11.58,2.090484075561898
11.59,2.2829462300791126
11.6,2.3290435029413192
11.61,2.3873053041433767
11.62,2.4545063521138077
11.63,2.523237560002971
11.64,2.587742990546129
11.65,2.644101783869348
11.66,2.690019388608955
11.67,2.724511294269183
11.68,2.747607282668443
11.69,2.7600554184953685
11.7,2.7631061224271614
11.71,2.7583194329526517
11.72,2.747419282057544
11.73,2.7321911392881693
11.74,2.7143718915996895
11.75,2.6955917676304075
11.76,2.677286279040225
11.77,2.66065794351531
11.78,2.6466211571847365
11.79,2.635781363050278
11.8,2.628435591867706
11.81,2.624571793859505
11.82,2.2902475560978153
11.83,1.9153202536437197
11.84,1.582680537400325
11.85,1.2755444580405118
11.86,1.0429161578504353
11.87,0.8524729756516902
11.88,0.6941256079607427
11.89,0.5614590075955705
11.9,0.4500674205389821
11.91,0.33985303688890856
11.92,0.25975634202143105
11.93,0.19734363722218928
11.94,0.14726510165123496
11.95,0.10721022678054526
11.96,0.07572344440267553
11.97,0.051614924244778315
11.98,0.03380853430598352
11.99,0.02127384227839091
12.0,0.013034792789015093
12.01,-25.455180101049304
12.02,-25.457540194938403
12.03,-25.457124166810857
12.04,-25.455812843366147
12.05,-21.484484339569224
12.06,-10.568892576622655
12.07,1.217799246630264
12.08,6.647387265159207
12.09,7.326478244065985
12.1,7.517877699936083
12.11,7.7320677486906995
12.12,7.961227678984887
12.13,8.183458673904017
12.14,8.382755519488594
12.15,8.54941068803949
12.16,8.678999681379882
12.17,8.771110838830044
12.18,8.828149176616282
12.19,8.854303930895728
12.2,8.854728302018746
12.21,8.834976597709225
12.22,8.800586260530427
12.23,8.756834881418715
12.24,8.708548967487065
12.25,8.659991724772699
12.26,8.61476760515944
12.27,8.575737909121631
12.28,8.544979696953948
12.29,8.523746935896323
12.3,8.512494358175193
12.31,8.5109159036267
12.32,7.437401017714603
12.33,7.309851648702246
12.34,7.322116258636168
12.35,7.339555511810037
12.36,3.881618846647477
12.37,-0.03413987375669336
12.38,-1.8285929649035602
12.39,-3.3619836094752387
12.4,-3.5809514724728153
12.41,-3.6453017500977403
12.42,-3.716040558943181
12.43,-3.7906855842704594
12.44,-3.8624030974952177
12.45,-3.9261583056892917
12.46,-3.9788107815307683
12.47,-4.018834403182009
12.48,-4.0459584085417255
12.49,-4.060836242915869
12.5,-4.064767914506643
12.51,-4.0594533259843395
12.52,-4.046822270227651
12.53,-4.028878676340671
12.54,-4.007602586977882
12.55,-3.9848443573713155
12.56,-3.9622560107907177
12.57,-3.941232172283172
12.58,-3.922851588594291
12.59,-3.9078659962522195
12.6,-3.89667051633813
12.61,-3.8893380890817646
12.62,-3.3909557673661723
12.63,-2.831689255553208
12.64,-2.3348700313285384
12.65,-1.9164621649348206
12.66,-1.5682809450488797
12.67,-1.2253776656001207
12.68,-0.9765618428066141
12.69,-0.7807146767368387
12.7,-0.6160450403497428
12.71,-0.48275170795737665
12.72,-0.37260664622143125
12.73,-0.2821457803828693
12.74,-0.2086845591240447
12.75,-0.14996493229813623
12.76,-0.10396407341970715
12.77,-0.06883690551602939
12.78,-0.037028371668792914
12.79,-0.017857142245787827
12.8,-0.0062449983805557
12.81,25.463776531469854
12.82,25.467023985079557
12.83,25.468031720050227
12.84,25.46807823234572
12.85,21.49670010764911
12.86,10.578729713107613
12.87,-1.2105450833511688
12.88,-7.418893637848116
12.89,-8.052682072921495
12.9,-8.240599097340322
12.91,-8.456428417374857
12.92,-8.688349481924163
12.93,-8.913544367762306
12.94,-9.115489575212052
12.95,-9.28415372576099
12.96,-9.414939884362441
12.97,-9.507377233732184
12.98,-9.563903865986257
12.99,-9.58878449865476
13.0,-9.587296505741856
13.01,-9.565115146367273
13.02,-9.527912552140037
13.03,-9.481083729362684
13.04,-9.429561455090202
13.05,-9.377709111563867
13.06,-9.32920316771142
13.07,-9.286980509156471
13.08,-9.253162569027346
13.09,-9.229048111844298
13.1,-9.215110755412699
13.11,-9.211053142512561
13.12,-8.046063962853607
13.13,-7.904699254585097
13.14,-7.9143955714869545
13.15,-6.493088574892312
13.16,-2.5582340662302894
13.17,1.6933975458414663
13.18,3.646739059777322
13.19,5.320034710266621
13.2,5.571922947334784
13.21,5.656277741973204
13.22,5.74640216058209
13.23,5.839007174115125
13.24,5.926426023240159
13.25,6.003162979607708
13.26,6.065951793054955
13.27,6.113377818388955
13.28,6.145434464501564
13.29,6.163147876051472
13.3,6.168220231029733
13.31,6.162784115058404
13.32,6.149178122837295
13.33,6.129798215499143
13.34,6.1069717471477425
13.35,6.082846623977741
13.36,6.0593218059700575
13.37,6.03796635372632
13.38,6.019983394442042
13.39,6.006165881459786
13.4,5.996905895412137
13.41,5.992207931575804
13.42,5.23042835393799
13.43,5.133575331288805
13.44,5.134204388052003
13.45,4.203497575942126
13.46,1.6375897236321002
13.47,-1.134069233369912
13.48,-2.4099808967047553
13.49,-2.5684589102027156
13.5,-2.61307122592517
13.51,-2.66400674204329
13.52,-2.7193549877707657
13.53,-2.773832269100238
13.54,-2.8234661574939546
13.55,-2.8657328811341842
13.56,-2.899331214673675
13.57,-2.9239174561744363
13.58,-2.9398565737674853
13.59,-2.9479843194645783
13.6,-2.9494409527338217
13.61,-28.408866123060122
13.62,-28.400932936767475
13.63,-28.390328750206308
13.64,-28.378324209996304
13.65,-28.366073482505136
13.66,-28.354563093159076
13.67,-28.344597826164044
13.68,-28.33675677272794
13.69,-28.331402600235894
13.7,-28.328664757021436
13.71,-28.328468363458303
13.72,-24.73426386990275
13.73,-24.265897405229314
13.74,-24.24619501286448
13.75,-19.81548802179139
13.76,-7.650431958555377
13.77,5.487778324882903
13.78,11.55244887987256
13.79,12.329508294062439
13.8,12.561567220617793
13.81,12.81599502846733
13.82,13.083804403675412
13.83,13.340598172782013
13.84,13.568730210329807
13.85,13.757680944808225
13.86,13.902878251006516
13.87,14.004257818664119
13.88,14.064915937025877
13.89,14.089953381532698
13.9,14.08554978895803
13.91,14.058326384242807
13.92,14.014863325923795
13.93,13.961404440867515
13.94,13.903629279198572
13.95,13.846503641964862
13.96,13.794168936372014
13.97,13.749840097448274
13.98,13.715770731611162
13.99,13.693216963299509
14.0,13.682487649610305
14.01,13.683011027192396
14.02,12.166958124069435
14.03,11.945520191881275
14.04,11.957351938478741
14.05,9.843085945379453
14.06,3.994236522541563
14.07,-2.32546645111659
14.08,-8.683415852032514
14.09,-9.124305732622673
14.1,-9.221254107404288
14.11,-9.348209286041541
14.12,-9.493077663163595
14.13,-9.639375769683962
14.14,-9.774877848766675
14.15,-9.89153596795836
14.16,-9.984890445226787
14.17,-10.053358177342133
14.18,-10.09750534466445
14.19,-10.119382093868904
14.2,-10.121998757399856
14.21,-10.108889872921218
14.22,-10.083822285624734
14.23,-10.05054698397748
14.24,-10.012638034424372
14.25,-9.973352248119335
14.26,-9.935512895998766
14.27,-9.901438227354713
14.28,-9.872855456689287
14.29,-9.850889045944758
14.3,-9.836037382442905
14.31,-9.828225556642115
14.32,-9.82686573660876
14.33,-9.830960647012882
14.34,-9.839236805324614
14.35,-8.317589603967715
14.36,-4.116043532163516
14.37,0.4219318644354004
14.38,2.506655670263857
14.39,2.759389039960542
14.4,2.826631630717923
14.41,28.369081204874444
14.42,28.45698076798082
14.43,28.544917849902088
14.44,28.626231880537556
14.45,28.696574061728437
14.46,28.753597465920635
14.47,28.796524132683754
14.48,28.82573623295617
14.49,28.842419237938845
14.5,28.848254369037193
14.51,28.84522139950721
14.52,28.83541338777177
14.53,28.82093671715568
14.54,28.803801368963114
14.55,28.785855462410478
14.56,28.768719319311792
14.57,28.75372180366024
14.58,28.741872250517392
14.59,28.733822340582115
14.6,28.72987499885579
14.61,28.729986923521786
14.62,25.528510859159866
14.63,25.031595790099452
14.64,25.01463222730505
14.65,25.0081751190565
14.66,13.26703775154983
14.67,-0.0180513491146983
14.68,-6.136868415657116
14.69,-6.88533901337951
14.7,-7.077703474959105
14.71,-7.293644460078818
14.72,-7.527061122871334
14.73,-7.755101255651788
14.74,-7.9607420481627456
14.75,-8.13343684513449
14.76,-8.268106779904407
14.77,-8.363915847460381
14.78,-8.423043450885155
14.79,-8.449626857338412
14.8,-8.448930682154272
14.81,-8.426710037141067
14.82,-8.388792543095766
14.83,-8.340758079166902
14.84,-8.28775300224507
14.85,-8.234324372353383
14.86,-8.184320504899018
14.87,-8.140800001452273
14.88,-8.105964640869983
14.89,-8.081152580167624
14.9,-8.066829826394184
14.91,-8.062673217737435
14.92,-7.043580311247533
14.93,-6.921645723593612
14.94,-6.932728954394616
14.95,-5.691680480992387
14.96,-2.250611591152394
14.97,1.46786026376736
14.98,3.17491348642879
14.99,3.5323417641876675
15.0,3.577437472674798
15.01,3.641132955408055
15.02,3.713535401224839
15.03,3.7864980637637147
15.04,3.8541694890784606
15.05,3.9126605531233882
15.06,3.9597719812408294
15.07,3.994643592065168
15.08,4.01744636948785
15.09,4.029078046133153
15.1,4.030930677170992
15.11,4.024708067608749
15.12,4.012262128399291
15.13,3.9954978548289355
15.14,3.976255357878371
15.15,3.956247355666227
15.16,3.9369720913774398
15.17,3.919665412599216
15.18,3.9052570768760897
15.19,3.894337426555967
15.2,3.8871688976151986
15.21,-21.579652315415082
15.22,-22.073234792668263
15.23,-22.2451499977793
15.24,-22.246033301140134
15.25,-19.285390837633194
15.26,-10.00757926450347
15.27,-0.013991661665244237
15.28,4.587040372549485
15.29,5.567486004969535
15.3,5.703299169731885
15.31,5.880365988774624
15.32,6.072975514350254
15.33,6.260646594019196
15.34,6.429451689027758
15.35,6.570974998354831
15.36,6.6813499636880955
15.37,6.7601552557561995
15.38,6.809395988910612
15.39,6.832592716543463
15.4,6.834092590539409
15.41,6.818567750315712
15.42,6.790661036733336
15.43,6.7547875448472645
15.44,6.714971142434496
15.45,6.674768871246574
15.46,6.637182633960197
15.47,6.604612056057004
15.48,6.578811048100771
15.49,6.560857202799237
15.5,6.551171538276879
15.51,6.549546073702938
15.52,5.723566807212354
15.53,5.6261427821045125
15.54,5.636781564997438
15.55,5.651752661788311
15.56,2.992484389863524
15.57,-0.018996569707688593
15.58,-1.3980496003381369
15.59,-1.554945896265437
15.6,-1.5877585613827279
15.61,-1.6288611795860497
15.62,-1.6768125716389584
15.63,-1.7261164708957182
15.64,-1.772424592480366
15.65,-1.8127623434707445
15.66,-1.8453491953643564
15.67,-1.8693992736397185
15.68,-1.8848751118711142
15.69,-1.8922996787215567
15.7,-1.8925754954690177
15.71,-1.8868491300996126
15.72,-1.8764128807343177
15.73,-1.8626049099412008
15.74,-1.8467511256313713
15.75,-1.830089082732325
15.76,-1.8137302610464552
15.77,-1.7985999705223854
15.78,-1.7854104048636117
15.79,-1.7746419321946476
15.8,-1.7665259897629397
15.81,-1.7610739856273057
15.82,-1.5338236977640207
15.83,-1.2799154830681125
15.84,-1.0550077784700385
15.85,-0.8337807698758688
15.86,-0.6690027194506243
15.87,-0.5142087870108263
15.88,-0.40661700305184567
15.89,-0.3208274900442376
15.9,-0.25239111484246024
15.91,-0.19539639069703796
15.92,-0.14590146295037343
15.93,-0.10645638665561563
15.94,-0.06818919699481185
15.95,-0.04176482010021587
15.96,-0.022468789648417697
15.97,-0.008209164913058231
15.98,0.0020221534285695952
15.99,0.008941405757266097
16.0,0.013182598683403768
16.01,25.47868255596857
16.02,25.479300289889945
16.03,25.480836264918032
16.04,25.48211407334518
16.05,21.50985503429005
16.06,10.586973696808808
16.07,-1.207821393646873
16.08,-6.639717891687724
16.09,-11.29003636159224
16.1,-12.00101637276317
16.11,-12.240800528433173
16.12,-12.489241955544303
16.13,-12.738348235109465
16.14,-12.968424313525839
16.15,-13.166071517457599
16.16,-13.32413752740764
16.17,-13.440456452072437
16.18,-13.516519754450076
16.19,-13.556241447529668
16.2,-13.564990274938323
16.21,-13.54882665237228
16.22,-13.513993854747158
16.23,-13.466545315546867
16.24,-13.412109997134475
16.25,-13.35572883079118
16.26,-13.301720384379337
16.27,-13.253605088213128
16.28,-13.214013271646438
16.29,-13.184670308949286
16.3,-13.166378261616972
16.31,-13.159074417867645
