time,eye angle,Simulation_reset
0.0,-7.14908365196e-05
0.02,7.83988896824e-06
0.04,0.0018176363208
0.06,0.00547471068636
0.08,0.00730254088877
0.1,0.011920451655
0.12,0.0161526585356
0.14,0.0170251179983
0.16,0.019228905161
0.18,0.0226749225099
0.2,0.0247190073693
0.22,0.0287957769283
0.24,0.0297233719479
0.26,0.0334440868133
0.28,0.0373719207058
0.3,0.0380568001107
0.32,0.040535974194
0.34,0.0463512580494
0.36,0.0472903248461
0.38,0.0480969530125
0.4,0.0500383124009
0.42,0.0529317291385
0.44,0.0540564424218
0.46,0.0563952729521
0.48,0.0632017718321
0.5,0.0668736272534
0.52,0.0678135948729
0.54,0.0705474328786
0.56,0.0742765511096
0.58,0.0769536576985
0.6,0.0804923727455
0.62,0.0832303905256
0.64,0.0877936722346
0.66,0.0878335778995
0.68,0.0929441659838
0.7,0.0972002715317
0.72,0.0958822901239
0.74,0.0973558714082
0.76,0.104205001016
0.78,0.105517382781
0.8,0.107330945898
0.82,0.108084886663
0.84,0.109583036811
0.86,0.112208610778
0.88,0.112226734917
0.9,0.112969272395
0.92,0.117671533124
0.94,0.119099642104
0.96,0.122622775783
0.98,0.127501878472
1.0,0.132471146739
1.02,0.133156942867
1.04,0.134815294345
1.06,0.139854288689
1.08,0.140114440052
1.1,0.144330164289
1.12,0.146711365302
1.14,0.149036714256
1.16,0.151980610455
1.18,0.154651345569
1.2,0.157289317527
1.22,0.160862988007
1.24,0.161180888394
1.26,0.168483615095
1.28,0.170893506475
1.3,0.173492096888
1.32,0.177016866116
1.34,0.179677458416
1.36,0.182941445963
1.38,0.181177134046
1.4,0.187110434512
1.42,0.191473020941
1.44,0.190993355203
1.46,0.195554374802
1.48,0.199801138074
1.5,0.201180995764
1.52,0.202412635445
1.54,0.205100724508
1.56,0.207783289621
1.58,0.209910516084
1.6,0.209974632305
1.62,0.209772585444
1.64,0.20281051394
1.66,0.199617179675
1.68,0.198220352114
1.7,0.188056715573
1.72,0.18040961394
1.74,0.176810621698
1.76,0.170210034665
1.78,0.165723980547
1.8,0.160327770699
1.82,0.154985645645
1.84,0.152294016299
1.86,0.146155155973
1.88,0.141231619552
1.9,0.136449781106
1.92,0.129799140425
1.94,0.126723979367
1.96,0.119918188254
1.98,0.112961483556
2.0,0.107312709757
2.02,0.101525697326
2.04,0.0975722706754
2.06,0.0931914907749
2.08,0.0859597625553
2.1,0.0821737915671
2.12,0.0741486113748
2.14,0.0687255105398
2.16,0.0638505836113
2.18,0.061469433979
2.2,0.0540571712261
2.22,0.0519508984349
2.24,0.0504543149196
2.26,0.0462067466951
2.28,0.0412474026201
2.3,0.034484798557
2.32,0.0308476112393
2.34,0.0263381662872
2.36,0.017078825169
2.38,0.0150262870947
2.4,0.0145503778303
2.42,0.0138776702761
2.44,0.0132049948151
2.46,0.0158871394836
2.48,0.0167418684067
2.5,0.0193298633061
2.52,0.0199491890707
2.54,0.0214766217882
2.56,0.028269835214
2.58,0.0319374122193
2.6,0.0341618074114
2.62,0.0354116312056
2.64,0.0348912847194
2.66,0.0281937260259
2.68,0.0304391847018
2.7,0.0307719374031
2.72,0.03517881323
2.74,0.0355297944693
2.76,0.0332962159067
2.78,0.0329827645762
2.8,0.0332031933956
2.82,0.0345105551864
2.84,0.0399849184355
2.86,0.0402725187565
2.88,0.0368890686294
2.9,0.0396264829544
2.92,0.0396264829544
2.94,0.0408709067515
2.96,0.0408709067515
2.98,0.044044933918
3.0,0.0437965490032
3.02,0.0452421190419
3.04,0.0470387471776
3.06,0.0476294187673
3.08,0.0439693289514
3.1,0.0397225759548
3.12,0.036010460007
3.14,0.0317513590146
3.16,0.0252945704593
3.18,0.0214317255816
3.2,0.0203639722265
3.22,0.0168965446782
3.24,0.0197722847212
3.26,0.0197390528065
3.28,0.0200776666387
3.3,0.0243613011634
3.32,0.0269621739874
3.34,0.0265494401903
3.36,0.026903558111
3.38,0.0316931267239
3.4,0.0314473288973
3.42,0.0306814213313
3.44,0.028406565685
3.46,0.0233855531717
3.48,0.0221277685027
3.5,0.0244071510328
3.52,0.0268140917822
3.54,0.0257998882198
3.56,0.0245656407245
3.58,0.0244127563017
3.6,0.0252167480808
3.62,0.0252043130235
3.64,0.0247786823197
3.66,0.0293898599391
3.68,0.0309476609675
3.7,0.0327649239752
3.72,0.0322703419703
3.74,0.0311040385673
3.76,0.0288438794644
3.78,0.0279865884536
3.8,0.0289625136304
3.82,0.0306032360343
3.84,0.0321765421049
3.86,0.033525889036
3.88,0.0311365375851
3.9,0.0346352662489
3.92,0.0380595059951
3.94,0.0397842959346
3.96,0.0458655886981
3.98,0.05054701425
4.0,0.0527185547556
4.02,0.0595401543179
4.04,0.0607251578404
4.06,0.0579298995691
4.08,0.0545925072238
4.1,0.0493603928146
4.12,0.0499402605937
4.14,0.0522172343754
4.16,0.0494566064138
4.18,0.0485166937221
4.2,0.0489373739312
4.22,0.0449657075763
4.24,0.0438534377653
4.26,0.0463196071624
4.28,0.0449978452322
4.3,0.040636425552
4.32,0.0337369166402
4.34,0.032952865527
4.36,0.0329325248066
4.38,0.0294409491855
4.4,0.0259002202832
4.42,0.0221955866757
4.44,0.0204760319391
4.46,0.0204760319391
4.48,0.0172202741494
4.5,0.0199762381033
4.52,0.0203760134085
4.54,0.021307925324
4.56,0.0257371018855
4.58,0.0318187507293
4.6,0.0339812806364
4.62,0.0393075827256
4.64,0.0410258471794
4.66,0.0411705845333
4.68,0.0425523324665
4.7,0.0494062611611
4.72,0.0525048933182
4.74,0.0514642459955
4.76,0.0501032328598
4.78,0.0496783270259
4.8,0.0505065361841
4.82,0.0501168403812
4.84,0.0466277325293
4.86,0.0447854580106
4.88,0.0420980526189
4.9,0.0412376096897
4.92,0.0386431012865
4.94,0.0345532727369
4.96,0.0309847374936
4.98,0.0300002848341
5.0,0.0268670598778
5.02,0.0235725232418
5.04,0.0222623897366
5.06,0.0199120968731
5.08,0.0238269569132
5.1,0.0275736307813
5.12,0.0290343633881
5.14,0.0350479357916
5.16,0.0307212526989
5.18,0.0290569377227
5.2,0.0335535528446
5.22,0.0342795616878
5.24,0.0350388057244
5.26,0.0397907592098
5.28,0.0414022921309
5.3,0.038848761398
5.32,0.0373049498791
5.34,0.0355842971018
5.36,0.0307369919487
5.38,0.026309363808
5.4,0.0242382556951
5.42,0.0272410335551
5.44,0.0289531129654
5.46,0.0259585969117
5.48,0.0247236590648
5.5,0.024810060647
5.52,0.0295131879466
5.54,0.035278951224
5.56,0.033160792184
5.58,0.0329237686544
5.6,0.0334916452693
5.62,0.0354208178869
5.64,0.0311177673731
5.66,0.0247665272301
5.68,0.0199586485515
5.7,0.0146647092017
5.72,0.013437361443
5.74,0.0157137765329
5.76,0.0174349937007
5.78,0.0176770834416
5.8,0.0247618116776
5.82,0.0287495415772
5.84,0.0294692927657
5.86,0.0290855416248
5.88,0.0326855158393
5.9,0.0327793586903
5.92,0.0311737120081
5.94,0.0346411006705
5.96,0.038126484274
5.98,0.0373329870568
6.0,0.0396953538105
6.02,0.0432264918766
6.04,0.0446343870195
6.06,0.041055960316
6.08,0.0358208373966
6.1,0.0300393351536
6.12,0.0315554944414
6.14,0.0334949978909
6.16,0.0345698975134
6.18,0.0410462352954
6.2,0.0381705779216
6.22,0.0377852821216
6.24,0.043514747681
6.26,0.0451460394306
6.28,0.0460214497861
6.3,0.0474095083171
6.32,0.0445378779981
6.34,0.0452542348631
6.36,0.0423184274824
6.38,0.0416106200864
6.4,0.0356878356974
6.42,0.0319683450599
6.44,0.0308117509857
6.46,0.0274484377375
6.48,0.0233797632604
6.5,0.0212785545527
6.52,0.0237908953643
6.54,0.0257093048991
6.56,0.028067437488
6.58,0.0329914206509
6.6,0.0360513556016
6.62,0.0358784831131
6.64,0.0417713286139
6.66,0.0425846117621
6.68,0.0492667916366
6.7,0.0487069678293
6.72,0.0423410953228
6.74,0.0371044249774
6.76,0.0301795965499
6.78,0.0295727329727
6.8,0.0243668288623
6.82,0.0205827017655
6.84,0.0161737756333
6.86,0.0151547930041
6.88,0.0151172580418
6.9,0.0173162908809
6.92,0.0177591312483
6.94,0.0200659140147
6.96,0.0214160557802
6.98,0.0200670548174
7.0,0.0195729762393
7.02,0.020604581542
7.04,0.0252279569683
7.06,0.0269291303334
7.08,0.0285057808698
7.1,0.0270607147879
7.12,0.0272459825182
7.14,0.0223106346297
7.16,0.0240462889823
7.18,0.0252787125741
7.2,0.026367279791
7.22,0.0283699407257
7.24,0.0268863837717
7.26,0.0268974236619
7.28,0.0273199327805
7.3,0.0318955066539
7.32,0.0348578168027
7.34,0.0374272678614
7.36,0.0366384691448
7.38,0.0341438494098
7.4,0.0381555571128
7.42,0.0382116255312
7.44,0.0375221481357
7.46,0.0361754069461
7.48,0.0350270936711
7.5,0.0335804754739
7.52,0.0274541581195
7.54,0.0236169037046
7.56,0.0227393250551
7.58,0.0240999621339
7.6,0.0228256668899
7.62,0.0241826102254
7.64,0.0253394522193
7.66,0.024861830146
7.68,0.0296771777304
7.7,0.0308475879376
7.72,0.0312163245141
7.74,0.0356514751733
7.76,0.0395183610887
7.78,0.0432876585409
7.8,0.0467132041871
7.82,0.046220072876
7.84,0.042515708851
7.86,0.0411142329438
7.88,0.0401612591472
7.9,0.0413934263615
7.92,0.0382294708275
7.94,0.0305424995367
7.96,0.0290752292042
7.98,0.0269088942651
8.0,0.0201349006429
8.02,0.0191499707508
8.04,0.0235105779956
8.06,0.028512483239
8.08,0.0305427293022
8.1,0.0365213614096
8.12,0.0425393706373
8.14,0.0429392626208
8.16,0.0441049490671
8.18,0.0442046643864
8.2,0.0430332255059
8.22,0.0447122296573
8.24,0.0452242982202
8.26,0.0484591259615
8.28,0.0513311753005
8.3,0.0525488018366
8.32,0.0542174907692
8.34,0.051803390136
8.36,0.0449950328828
8.38,0.0392661754901
8.4,0.0380747942324
8.42,0.0335336662588
8.44,0.0323411893228
8.46,0.0306176492265
8.48,0.0259939833204
8.5,0.0259303652897
8.52,0.025754134442
8.54,0.0292768562723
8.56,0.032184259155
8.58,0.035499664084
8.6,0.0368258328591
8.62,0.0443713504337
8.64,0.0455589910664
8.66,0.0477461240486
8.68,0.046254867086
8.7,0.0446098322896
8.72,0.0393005133866
8.74,0.0361765507529
8.76,0.0319823613514
8.78,0.0254784333036
8.8,0.02436941288
8.82,0.0256365059896
8.84,0.0248519934819
8.86,0.0235011974984
8.88,0.0180912725112
8.9,0.0186353735514
8.92,0.0222288277902
8.94,0.0264399802753
8.96,0.0291833840483
8.98,0.0317285710718
9.0,0.0319338966185
9.02,0.0338175493096
9.04,0.0335896417319
9.06,0.037985194306
9.08,0.0401776944388
9.1,0.0369503163539
9.12,0.0382674446408
9.14,0.0335828364179
9.16,0.0267210524441
9.18,0.0197907664845
9.2,0.0171147683317
9.22,0.0162235652899
9.24,0.01540462457
9.26,0.0188084419982
9.28,0.023377285367
9.3,0.02239019664
9.32,0.0236835911373
9.34,0.0279273824376
9.36,0.0295995695956
9.38,0.0335564244286
9.4,0.0364714914709
9.42,0.0420864114909
9.44,0.0404935698692
9.46,0.0401446127511
9.48,0.0365387243465
9.5,0.0301104434082
9.52,0.0277198481553
9.54,0.0283286827684
9.56,0.0297570298436
9.58,0.0277648917167
9.6,0.0246839893797
9.62,0.0218487498589
9.64,0.0198732602585
9.66,0.0247733091283
9.68,0.0283407954544
9.7,0.0313257849796
9.72,0.0317203699427
9.74,0.0331127284841
9.76,0.0375757826957
9.78,0.0374902133712
9.8,0.0416526311684
9.82,0.0424220954689
9.84,0.041224598193
9.86,0.0377107198634
9.88,0.0396333246039
9.9,0.0379679397137
9.92,0.0385273823487
9.94,0.0395851650526
9.96,0.0407986370535
9.98,0.0452667600691
10.0,0.0489491053073
10.02,0.0540630964692
10.04,0.0576754309809
10.06,0.0603666593428
10.08,0.0565111443695
10.1,0.0530232382392
10.12,0.0528205491143
10.14,0.0495852616168
10.16,0.0454122556024
10.18,0.0414954829118
10.2,0.0354893182487
10.22,0.0345223741814
10.24,0.0318760139808
10.26,0.02255618732
10.28,0.0209638667105
10.3,0.0151773037426
10.32,0.0122399107478
10.34,0.0136811152445
10.36,0.0158078910504
10.38,0.0175361535267
10.4,0.0181086561155
10.42,0.0186265488358
10.44,0.0231185113629
10.46,0.0247347998895
10.48,0.0284702552368
10.5,0.0311704114653
10.52,0.0302662952579
10.54,0.0343792641231
10.56,0.033430460725
10.58,0.0287630965709
10.6,0.0280858284217
10.62,0.0329039077856
10.64,0.0357547864635
10.66,0.03594163569
10.68,0.0400593409241
10.7,0.0354267301653
10.72,0.035076132849
10.74,0.035110765727
10.76,0.0307762658755
10.78,0.0254177341198
10.8,0.0220498539758
10.82,0.0205630033223
10.84,0.0226903551715
10.86,0.0186605307426
10.88,0.013785247669
10.9,0.0162628198416
10.92,0.0175760675181
10.94,0.0184346520001
10.96,0.0194862013834
10.98,0.0201649029045
11.0,0.0249853073639
11.02,0.0252726120689
11.04,0.0297000950482
11.06,0.0339728976598
11.08,0.0346529579718
11.1,0.0393215060271
11.12,0.036037779687
11.14,0.0276043209484
11.16,0.0311019936875
11.18,0.0310076959118
11.2,0.0305364311925
11.22,0.0308073160183
11.24,0.0349064911355
11.26,0.0390913385801
11.28,0.0400142997866
11.3,0.0438888997305
11.32,0.0472103692058
11.34,0.0443019109726
11.36,0.0442293563281
11.38,0.0433934040055
11.4,0.0455351102789
11.42,0.0446011623492
11.44,0.0433974424535
11.46,0.0441142342846
11.48,0.0381364658534
11.5,0.0328957696589
11.52,0.0315551820226
11.54,0.0268813897156
11.56,0.0209013703673
11.58,0.0138839397947
11.6,0.0171188076132
11.62,0.0126841292143
11.64,0.015071532624
11.66,0.0204991017763
11.68,0.0249377595271
11.7,0.026024751892
11.72,0.0266024680013
11.74,0.0270039708517
11.76,0.0269695975472
11.78,0.0241692165167
11.8,0.0274579377956
11.82,0.0274050235497
11.84,0.0287701820143
11.86,0.0270200884893
11.88,0.027720561934
11.9,0.0308262299198
11.92,0.0323623542462
11.94,0.0334563038539
11.96,0.0344019767721
11.98,0.0358246044253
12.0,0.0369669155672
12.02,0.036481450421
12.04,0.0280987905453
12.06,0.0259766703329
12.08,0.025990536005
12.1,0.0256563360838
12.12,0.0258699060742
12.14,0.0275511868661
12.16,0.0275511868661
12.18,0.0330234815342
12.2,0.0352719657745
12.22,0.0397172968912
12.24,0.0425259105526
12.26,0.0436603853667
12.28,0.0441448625719
12.3,0.0380458163043
12.32,0.0364450013529
12.34,0.0434517277642
12.36,0.0392256437561
12.38,0.0388335432525
12.4,0.0378067062628
12.42,0.0390001300834
12.44,0.037649222438
12.46,0.0385789385262
12.48,0.0381324567531
12.5,0.0371766911998
12.52,0.04063050138
12.54,0.0385255797225
12.56,0.037435789519
12.58,0.0407240189114
12.6,0.0382678380821
12.62,0.0356494976442
12.64,0.038511128701
12.66,0.0342558866002
12.68,0.0346621724084
12.7,0.0378282374466
12.72,0.0421377530447
12.74,0.0472716958426
12.76,0.0449177737044
12.78,0.04575858371
12.8,0.0461157825168
12.82,0.0481610323672
12.84,0.0460775477055
12.86,0.0434752918356
12.88,0.0383673694199
12.9,0.0384519381343
12.92,0.0390777037906
12.94,0.0368052707388
12.96,0.0319118290416
12.98,0.0286155461828
13.0,0.024818458953
13.02,0.024937522848
13.04,0.0274713047284
13.06,0.0227328918235
13.08,0.0183191286941
13.1,0.0201236245457
13.12,0.0223406974582
13.14,0.0251179274784
13.16,0.0239422565346
13.18,0.0201800058657
13.2,0.0182348530398
13.22,0.0210848063387
13.24,0.0249147908315
13.26,0.0274905497779
13.28,0.0283770561228
13.3,0.0311884383831
13.32,0.0368222599802
13.34,0.04148009561
13.36,0.0444548744946
13.38,0.0417432439617
13.4,0.0449544617744
13.42,0.0481504535933
13.44,0.0492203925594
13.46,0.0492203925594
13.48,0.0499543788287
13.5,0.0479970973758
13.52,0.0467203944416
13.54,0.045790669544
13.56,0.0430670641693
13.58,0.0451723954816
13.6,0.042421459888
13.62,0.0356524525032
13.64,0.0317553410996
13.66,0.0272203727421
13.68,0.0259183282803
13.7,0.0251138876239
13.72,0.0258279759296
13.74,0.0287497749442
13.76,0.0288604042604
13.78,0.0322793010047
13.8,0.0301540972217
13.82,0.02268544733
13.84,0.0170314244535
13.86,0.0114576413515
13.88,0.00946356771966
13.9,0.00740293186075
13.92,0.00832323589905
13.94,0.011366325485
13.96,0.015450839269
13.98,0.0183456413729
14.0,0.0207213902969
14.02,0.0260954943421
14.04,0.0273994173987
14.06,0.0304064718016
14.08,0.0317286710302
14.1,0.0307196793017
14.12,0.0303944173633
14.14,0.0293993407382
14.16,0.0277752037143
14.18,0.0304626734311
14.2,0.0337766707168
14.22,0.0303187542017
14.24,0.0272330999296
14.26,0.0239296208915
14.28,0.0223486897986
14.3,0.0245519380082
14.32,0.0248078939978
14.34,0.0263486423811
14.36,0.0302466283265
14.38,0.0332790152685
14.4,0.0372568427512
14.42,0.0431240012142
14.44,0.0440153399141
14.46,0.0456265828127
14.48,0.0493244131355
14.5,0.0493244131355
14.52,0.0518604942077
14.54,0.0557120117249
14.56,0.0555299126542
14.58,0.0500688124786
14.6,0.0505765221622
14.62,0.0516597399443
14.64,0.0504442909236
14.66,0.0492629585076
14.68,0.0510904020172
14.7,0.0521248391012
14.72,0.053407696236
14.74,0.0572594427001
14.76,0.0549421851305
14.78,0.0537037506745
14.8,0.0522939026267
14.82,0.0493518911775
14.84,0.0463179068444
14.86,0.0424979842214
14.88,0.0409864566154
14.9,0.0333275169706
14.92,0.0267607036149
14.94,0.0202706290587
14.96,0.0118492148731
14.98,0.0139423098729
15.0,0.0185320545173
15.02,0.0226986712874
15.04,0.0249743564685
15.06,0.025289587903
15.08,0.0297016585778
15.1,0.0335116350764
15.12,0.0362291574959
15.14,0.0377791019899
15.16,0.0357849954936
15.18,0.0345478286919
15.2,0.0356866484634
15.22,0.033745580552
15.24,0.0326946847199
15.26,0.0331974163836
15.28,0.0314463989671
15.3,0.0319236623252
15.32,0.0337519824812
15.34,0.0324678644627
15.36,0.0353392467612
15.38,0.0375492906141
15.4,0.033393411277
15.42,0.0309797627657
15.44,0.031567147347
15.46,0.0339827361177
15.48,0.0332247381127
15.5,0.0315058903693
15.52,0.0309775665968
15.54,0.0329724296931
15.56,0.034041726015
15.58,0.03493921416
15.6,0.0315500836118
15.62,0.0236150036373
15.64,0.0220868704917
15.66,0.022746900019
15.68,0.017243418676
15.7,0.0181723962004
15.72,0.0224755115433
15.74,0.0225021846895
15.76,0.0261421946608
15.78,0.0298710953287
15.8,0.0337844055925
15.82,0.0367453070698
15.84,0.0369234518552
15.86,0.0401562152377
15.88,0.0454579179249
15.9,0.0452200079799
15.92,0.051882455704
15.94,0.052523723998
15.96,0.0537679429484
15.98,0.052532559
16.0,0.0496399916997
16.02,0.0512895812225
16.04,0.0481596481067
16.06,0.0431293220601
16.08,0.0382905850406
16.1,0.035520119982
16.12,0.0297208675947
16.14,0.0260003174866
16.16,0.0205219781767
16.18,0.024305547938
16.2,0.0289394118338
16.22,0.0312276457327
16.24,0.0321214203973
16.26,0.0306320515269
16.28,0.0327906816717
16.3,0.0350866806206
16.32,0.0403814596156
16.34,0.0385205108772
16.36,0.0348552411814
16.38,0.0329523916157
16.4,0.0354973822307
16.42,0.0373913432096
16.44,0.0398463352635
16.46,0.0405697370615
16.48,0.0405538130913
16.5,0.0415570736067
16.52,0.0451188165126
16.54,0.0416146278498
16.56,0.039315041588
16.58,0.0352172083376
16.6,0.0357261565203
16.62,0.0386399062482
16.64,0.0397521420238
16.66,0.0399364071378
16.68,0.0425180755513
16.7,0.0408982330073
16.72,0.0412664748016
16.74,0.042061261155
16.76,0.0355067256836
16.78,0.0357664528531
16.8,0.032570477205
16.82,0.025386989387
16.84,0.0243922286485
16.86,0.025791808414
16.88,0.0248676676782
16.9,0.0258809498589
16.92,0.0290105275435
16.94,0.0304824687536
16.96,0.031810131832
16.98,0.0357031975168
17.0,0.0369501818648
17.02,0.0392759704517
17.04,0.0428685254244
17.06,0.0416954848829
17.08,0.043964334316
17.1,0.0416764393021
17.12,0.0403329685588
17.14,0.0422083588648
17.16,0.0400464145428
17.18,0.0402023670051
17.2,0.0422896414372
17.22,0.0394897185748
17.24,0.0396686916
17.26,0.035710127198
17.28,0.0321615144513
17.3,0.0296661550394
17.32,0.030745994569
17.34,0.0273208318613
17.36,0.0287460595197
17.38,0.0292121829797
17.4,0.0251512567121
17.42,0.0264053181371
17.44,0.0290565102657
17.46,0.0242272324925
17.48,0.0218053585165
17.5,0.0249964502083
17.52,0.0273803343966
17.54,0.0264650634504
17.56,0.0293858094328
17.58,0.0326713369198
17.6,0.0360964095677
17.62,0.0418642097718
17.64,0.0419875472009
17.66,0.0421702477672
17.68,0.0399447474896
17.7,0.0343191367802
17.72,0.0311628979405
17.74,0.0254970558613
17.76,0.021540632125
17.78,0.0188859774491
17.8,0.0196073467735
17.82,0.024310636392
17.84,0.0267236207885
17.86,0.0322996762471
17.88,0.0371580139427
17.9,0.0399851041628
17.92,0.0440294872229
17.94,0.0483635128748
17.96,0.0475630334419
17.98,0.0420308560291
18.0,0.0405306651329
18.02,0.0418810532618
18.04,0.0356910243776
18.06,0.0333991843805
18.08,0.0341946042187
18.1,0.0343211426231
18.12,0.0352608557903
18.14,0.0344395671308
18.16,0.0331637733139
18.18,0.0268066447182
18.2,0.0262528471728
18.22,0.0252016029213
18.24,0.0216877955444
18.26,0.0226656766796
18.28,0.01930365923
18.3,0.0200170713438
18.32,0.0203440731541
18.34,0.0220502978619
18.36,0.0231145000305
18.38,0.0238183014706
18.4,0.0259805468719
18.42,0.0292564037566
18.44,0.0315743283369
18.46,0.0355013808193
18.48,0.0369152775438
18.5,0.0428930226693
18.52,0.0443801834291
18.54,0.0420374109641
18.56,0.0414288266015
18.58,0.0388107378852
18.6,0.0371502132583
18.62,0.0359242098064
18.64,0.0331873235257
18.66,0.0312017455046
18.68,0.0327925242412
18.7,0.0309846667137
18.72,0.0307013995361
18.74,0.0346130108042
18.76,0.0339361538222
18.78,0.0340821889503
18.8,0.0353859442249
18.82,0.0430214294407
18.84,0.0430214294407
18.86,0.0445164349457
18.88,0.0402928173461
18.9,0.0433073335539
18.92,0.0457653478976
18.94,0.047371356565
18.96,0.0485495127901
18.98,0.0495554474969
19.0,0.0466852958114
19.02,0.0456049439787
19.04,0.0424801277448
19.06,0.0392243207418
19.08,0.0389049763989
19.1,0.0377646821234
19.12,0.031599716189
19.14,0.0270747451341
19.16,0.0263794378461
19.18,0.0192233491855
19.2,0.0195436983844
19.22,0.0194606495155
19.24,0.0217253776051
19.26,0.0249781955128
19.28,0.0262421845327
19.3,0.0288404201332
19.32,0.030005864945
19.34,0.0308119994965
19.36,0.0342679911224
19.38,0.0346643263288
19.4,0.038454635181
19.42,0.035525962371
19.44,0.0324527780682
19.46,0.0315813055214
19.48,0.0311907194803
19.5,0.0283225833777
19.52,0.0218963029458
19.54,0.0245746007149
19.56,0.0292787117427
19.58,0.0296629412751
19.6,0.0336571868338
19.62,0.0368637496814
19.64,0.0388219363781
19.66,0.0436758487655
19.68,0.0463316398387
19.7,0.0468689975835
19.72,0.0501695219041
19.74,0.048262854177
19.76,0.0473329406224
19.78,0.047713323729
19.8,0.0428502793537
19.82,0.0393583336375
19.84,0.0347076884224
19.86,0.0400446010701
19.88,0.0413539622682
19.9,0.0411662387606
19.92,0.0389518078638
19.94,0.0400694038318
19.96,0.0430271624974
19.98,0.0430789133523
20.0,0.0427440386167
20.02,0.0389843450718
20.04,0.0378283996019
20.06,0.0402678853512
20.08,0.0420980087273
20.1,0.0416246918572
20.12,0.033923700744
20.14,0.0317336438896
20.16,0.0247121584243
20.18,0.0231542736446
20.2,0.0234487287856
20.22,0.0262327886231
20.24,0.0295772946063
20.26,0.0326979709545
20.28,0.0348928316535
20.3,0.0383409719266
20.32,0.040627622453
20.34,0.044053024483
20.36,0.0458392900834
20.38,0.0415554186133
20.4,0.0431592306476
20.42,0.0371889725687
20.44,0.0324340806726
20.46,0.0309396531238
20.48,0.0290688765196
20.5,0.0296754613837
20.52,0.0268120469387
20.54,0.0201326155533
20.56,0.0176831686354
20.58,0.0155008718653
20.6,0.0140838050412
20.62,0.00971754367062
20.64,0.00890410873465
20.66,0.00991459337434
20.68,0.0144963925536
20.7,0.0182731074412
20.72,0.019492510283
20.74,0.0244020946526
20.76,0.0266537558974
20.78,0.0292630014454
20.8,0.0294580001301
20.82,0.0339681030174
20.84,0.0357842626802
20.86,0.0413065186953
20.88,0.0396908604003
20.9,0.045152210044
20.92,0.0452257364604
20.94,0.0456541353002
20.96,0.0448741240199
20.98,0.0382851157179
21.0,0.0365814604454
21.02,0.0344227991395
21.04,0.0330072595943
21.06,0.0281184829878
21.08,0.0306984486594
21.1,0.0325422953242
21.12,0.0308235117442
21.14,0.0259034986614
21.16,0.0251063638552
21.18,0.0258558747797
21.2,0.0271343960598
21.22,0.0290313444828
21.24,0.0269951190389
21.26,0.0276870962131
21.28,0.02533567131
21.3,0.0249921650311
21.32,0.0243377775564
21.34,0.0233468690595
21.36,0.0253023304542
21.38,0.0271135911658
21.4,0.0316751773308
21.42,0.0327564009131
21.44,0.0326914619054
21.46,0.0287023372244
21.48,0.0272324522211
21.5,0.0249344034919
21.52,0.0212699940506
21.54,0.0185309809264
21.56,0.017679124257
21.58,0.00911443019986
21.6,0.00795041197621
21.62,0.00902646185806
21.64,0.0113619163674
21.66,0.0176344680233
21.68,0.0200299403157
21.7,0.021975598084
21.72,0.0253710951921
21.74,0.0277077500015
21.76,0.0289775043258
21.78,0.0329981234276
21.8,0.0356952707047
21.82,0.0395581110335
21.84,0.0422762007942
21.86,0.0439318595097
21.88,0.0460252574679
21.9,0.0412654329634
21.92,0.0348705316802
21.94,0.0347753743092
21.96,0.0352167565038
21.98,0.0352167565038
22.0,0.0271863637549
22.02,0.0275343159036
22.04,0.029974235789
22.06,0.0316954028409
22.08,0.0364787674428
22.1,0.0355998963774
22.12,0.0355998963774
22.14,0.0356090163
22.16,0.0372214245629
22.18,0.0351442049588
22.2,0.0346783032485
22.22,0.0350573313465
22.24,0.0342840525402
22.26,0.039383008537
22.28,0.0386485785843
22.3,0.0380978852568
22.32,0.0437675703392
22.34,0.0439435920511
22.36,0.0458915414359
22.38,0.0498312724309
22.4,0.0525583230781
22.42,0.0517435272478
22.44,0.054251049724
22.46,0.055089164645
22.48,0.0537234257303
22.5,0.0534970230122
22.52,0.0485718819613
22.54,0.0504093789701
22.56,0.0521015821716
22.58,0.0454537963093
22.6,0.040473577913
22.62,0.0398132966685
22.64,0.0414517371786
22.66,0.0374783228388
22.68,0.0354371274264
22.7,0.0300846368433
22.72,0.025373706165
22.74,0.0208496462843
22.76,0.0202056308274
22.78,0.0218373216074
22.8,0.0232115745421
22.82,0.0268309142301
22.84,0.0262976957099
22.86,0.0245038831548
22.88,0.0204912237292
22.9,0.0218825782441
22.92,0.0274674340405
22.94,0.0306545124723
22.96,0.0316331508398
22.98,0.0340482086815
23.0,0.034502047123
23.02,0.0365121128868
23.04,0.0378960540046
23.06,0.0376410430127
23.08,0.0369628644004
23.1,0.0331504555007
23.12,0.0299893609459
23.14,0.0296959043206
23.16,0.0247623182554
23.18,0.0212743761574
23.2,0.0170649170823
23.22,0.0146952637033
23.24,0.0103102901301
23.26,0.0133496211091
23.28,0.018447680324
23.3,0.01938288875
23.32,0.020610651461
23.34,0.0208632929376
23.36,0.0279066969984
23.38,0.0291174191404
23.4,0.031270803268
23.42,0.0313144832449
23.44,0.0346419805785
23.46,0.0377789879187
23.48,0.0391893059946
23.5,0.0367333737048
23.52,0.0352641887158
23.54,0.0322966965038
23.56,0.0276792511368
23.58,0.0279551246161
23.6,0.0288003403206
23.62,0.0257554010791
23.64,0.0243953994979
23.66,0.023865541273
23.68,0.023702461773
23.7,0.0239051502237
23.72,0.0235843129399
23.74,0.0248425658979
23.76,0.0285936227442
23.78,0.0316472791679
23.8,0.0318946239322
23.82,0.0266343519654
23.84,0.0280733383254
23.86,0.0266595537882
23.88,0.0217810716806
23.9,0.0202016215091
23.92,0.0162727258489
23.94,0.0166701775764
23.96,0.0177989494899
23.98,0.0185970418313
24.0,0.0204490234473
24.02,0.0217543308596
24.04,0.0225017160842
24.06,0.0266360651737
24.08,0.030920021627
24.1,0.0357172158636
24.12,0.03625869531
24.14,0.0380373069805
24.16,0.0413828490166
24.18,0.0452920308205
24.2,0.0427413706307
24.22,0.0383707523382
24.24,0.035945477347
24.26,0.0354375844125
24.28,0.0343016543726
24.3,0.0351031180309
24.32,0.0395164751217
24.34,0.0433075588798
24.36,0.0435920897465
24.38,0.0431453548819
24.4,0.0428938588416
24.42,0.0388337116624
24.44,0.0349835968944
24.46,0.0298593249639
24.48,0.0275587775407
24.5,0.0246489418806
24.52,0.0188792454331
24.54,0.0170368806479
24.56,0.0198834203956
24.58,0.0204039142189
24.6,0.0205227369446
24.62,0.0252058498811
24.64,0.0276892846264
24.66,0.0318747917302
24.68,0.0322395903057
24.7,0.0338976173659
24.72,0.0362346092909
24.74,0.0412424150067
24.76,0.0424389697692
24.78,0.0398437638775
24.8,0.0385421161436
24.82,0.0309532299762
24.84,0.0276988514377
24.86,0.0228965227615
24.88,0.0183092551052
24.9,0.0129998465932
24.92,0.0104780980474
24.94,0.00858830519853
24.96,0.0073703188287
24.98,0.00906491886485
25.0,0.0155213257621
25.02,0.0199379459588
25.04,0.0199127457882
25.06,0.0212172548342
25.08,0.0244242465391
25.1,0.0287369291552
25.12,0.030756163201
25.14,0.0333461450236
25.16,0.0340440627911
25.18,0.0361843165715
25.2,0.0346170830533
25.22,0.0315068894217
25.24,0.0308569816233
25.26,0.0321395355951
25.28,0.0299444531848
25.3,0.030975958615
25.32,0.0292435859826
25.34,0.0318289712714
25.36,0.0343835586653
25.38,0.0365349086193
25.4,0.0369355975151
25.42,0.0389390065505
25.44,0.0410079925519
25.46,0.0393421129278
25.48,0.0451840892146
25.5,0.0443785405314
25.52,0.0427550177659
25.54,0.0366585462899
25.56,0.0367728989932
25.58,0.0365877738109
25.6,0.0393935506541
25.62,0.0412601809463
25.64,0.0442528523622
25.66,0.0494269290059
25.68,0.0509943885321
25.7,0.0528076386779
25.72,0.0511520887468
25.74,0.0488714434591
25.76,0.0426574102675
25.78,0.0349501881372
25.8,0.0343000323376
25.82,0.0328039081489
25.84,0.0323883839463
25.86,0.0319780756394
25.88,0.032151221911
25.9,0.0341428691819
25.92,0.0346152203953
25.94,0.0379076174429
25.96,0.0421169296688
25.98,0.0454998023049
26.0,0.0466164206045
26.02,0.0454344215587
26.04,0.0449871806837
26.06,0.0415249010541
26.08,0.0353123327536
26.1,0.0348442077099
26.12,0.0286344070051
26.14,0.0303867529882
26.16,0.0321615985405
26.18,0.0296167367807
26.2,0.0252688890944
26.22,0.0276002124001
26.24,0.0286260258283
26.26,0.0337443069719
26.28,0.0378859574708
26.3,0.0375090527378
26.32,0.0422700088495
26.34,0.0450836335373
26.36,0.0459495888113
26.38,0.0465479803823
26.4,0.0434954728941
26.42,0.0460044943296
26.44,0.0474452524254
26.46,0.0452749981211
26.48,0.0411788742522
26.5,0.0423309418783
26.52,0.0405040772519
26.54,0.0362282501675
26.56,0.0371066706285
26.58,0.0351043867912
26.6,0.0358637174651
26.62,0.0375944832406
26.64,0.0353892752169
26.66,0.0353892752169
26.68,0.0281270959953
26.7,0.0316323945875
26.72,0.0335503142246
26.74,0.0264992318369
26.76,0.0261789426424
26.78,0.0252533579842
26.8,0.020129013897
26.82,0.0224848454675
26.84,0.0191059419618
26.86,0.0153224300763
26.88,0.0166366813888
26.9,0.0156048222236
26.92,0.0176455160535
26.94,0.0212369001428
26.96,0.0242041797749
26.98,0.0245905944007
27.0,0.0273266938066
27.02,0.0279892781534
27.04,0.0275766424534
27.06,0.0304525005213
27.08,0.0336411608372
27.1,0.0362460436728
27.12,0.0444929271181
27.14,0.0469443330391
27.16,0.0480272432329
27.18,0.0464908778502
27.2,0.0383303359053
27.22,0.034423100939
27.24,0.0289742623929
27.26,0.0213593953254
27.28,0.0184477060599
27.3,0.0160313389013
27.32,0.0152117920161
27.34,0.0145927573925
27.36,0.0138210851714
27.38,0.020066475902
27.4,0.0260695264212
27.42,0.0272745376293
27.44,0.0291325840266
27.46,0.032108289691
27.48,0.035435013742
27.5,0.0366169090942
27.52,0.0366363672205
27.54,0.0341912418654
27.56,0.0295691109559
27.58,0.0221345657585
27.6,0.0217554584122
27.62,0.02311020027
27.64,0.0255501470047
27.66,0.0273258746249
27.68,0.0307684193043
27.7,0.0329162825784
27.72,0.0345852677215
27.74,0.0371953903707
27.76,0.0362735914706
27.78,0.0356126303346
27.8,0.0390166774753
27.82,0.0357687071929
27.84,0.0282161851724
27.86,0.0257516183731
27.88,0.0219075009691
27.9,0.0203598124786
27.92,0.0159017084251
27.94,0.0161224331683
27.96,0.0165372948809
27.98,0.0175870535744
28.0,0.0212777213616
28.02,0.0249667736593
28.04,0.0254415922968
28.06,0.0288641434814
28.08,0.0303052803226
28.1,0.031075535363
28.12,0.0327815197344
28.14,0.0291324903068
28.16,0.031044367266
28.18,0.0290904408949
28.2,0.0268434025547
28.22,0.0270194425358
28.24,0.027170606921
28.26,0.0305914717797
28.28,0.0326091483482
28.3,0.0345569339458
28.32,0.0287172094214
28.34,0.0280370609431
28.36,0.027496515421
28.38,0.0236537860249
28.4,0.0263122368327
28.42,0.0256647382021
28.44,0.0236943233533
28.46,0.0243042416413
28.48,0.0263156817885
28.5,0.0245625457047
28.52,0.0246847461357
28.54,0.0283444726019
28.56,0.028826581435
28.58,0.0308341529432
28.6,0.0289114079634
28.62,0.0302354570863
28.64,0.0342617831045
28.66,0.0373685142007
28.68,0.0375103447876
28.7,0.0382080700389
28.72,0.0417923614409
28.74,0.0406104249238
28.76,0.0416257041926
28.78,0.0380596036944
28.8,0.0328095376517
28.82,0.0264589355809
28.84,0.0212288267905
28.86,0.0161223276814
28.88,0.00941539806062
28.9,0.00233241822301
28.92,0.00232866680517
28.94,0.00489575355179
28.96,0.00775324709612
28.98,0.0102204118894
29.0,0.0112181402016
29.02,0.0131312914647
29.04,0.0177096079331
29.06,0.0189020455531
29.08,0.0191377537229
29.1,0.0174748387634
29.12,0.0198272594966
29.14,0.0207328083534
29.16,0.022968649313
29.18,0.0234697318628
29.2,0.0261803814538
29.22,0.0266412509174
29.24,0.0316503880315
29.26,0.0311587169373
29.28,0.0340861688956
29.3,0.0366778633578
29.32,0.0369425290714
29.34,0.0338646646122
29.36,0.0298537024006
29.38,0.0336622042755
29.4,0.0376354655803
29.42,0.0361528858829
29.44,0.030700874223
29.46,0.0354993908589
29.48,0.0400563744431
29.5,0.0400301771559
29.52,0.0406580914082
29.54,0.0399118825839
29.56,0.0444436931019
29.58,0.0451507706853
29.6,0.0374404573254
29.62,0.0358083044434
29.64,0.0356328524802
29.66,0.0316788043206
29.68,0.0309824191146
29.7,0.0350360091111
29.72,0.0367084701953
29.74,0.0399375937566
29.76,0.0386984685988
29.78,0.0412016361956
29.8,0.0421745133788
29.82,0.0395663204042
29.84,0.0431190989846
29.86,0.0400046013678
29.88,0.0366201813677
29.9,0.0343776033025
29.92,0.0331479475922
29.94,0.0268842259599
29.96,0.0263282330294
29.98,0.0267652955025
30.0,0.0296424817288
30.02,0.0312962275067
30.04,0.0342030660113
30.06,0.0357255096121
30.08,0.0375253679226
30.1,0.0399213966412
30.12,0.0396593854431
30.14,0.0415988111516
30.16,0.0374691804381
30.18,0.0380865832723
30.2,0.0359369195747
30.22,0.0359752255289
30.24,0.0327016557677
30.26,0.0283699629694
30.28,0.0282207241423
30.3,0.0235682480983
30.32,0.0226378577227
30.34,0.0197027032488
30.36,0.0174123430325
30.38,0.0166105530937
30.4,0.0165954161584
30.42,0.0192184695069
30.44,0.023819928716
30.46,0.0242062470769
30.48,0.0245721363149
30.5,0.0270559042425
30.52,0.0260179050098
30.54,0.0224360176393
30.56,0.0213039958238
30.58,0.0262188946416
30.6,0.0309169398252
30.62,0.0335706549464
30.64,0.0337659568434
30.66,0.0350677709043
30.68,0.0420244562973
30.7,0.0445645717795
30.72,0.0470865581653
30.74,0.0437855496463
30.76,0.042397251032
30.78,0.0436648907503
30.8,0.0428327558328
30.82,0.0399166596802
30.84,0.0382478199279
30.86,0.0314421868559
30.88,0.035355405803
30.9,0.035355405803
30.92,0.0369245820913
30.94,0.0331656166187
30.96,0.0355630519452
30.98,0.0367516613633
31.0,0.0302829571707
31.02,0.0305917468844
31.04,0.0301265699244
31.06,0.0285858622957
31.08,0.0292721989517
31.1,0.0237373867195
31.12,0.0192453158164
31.14,0.0117085037813
31.16,0.00626618558078
31.18,0.00274895049779
31.2,0.00249831866686
31.22,0.00262141647732
31.24,0.00761792361348
31.26,0.0100346598134
31.28,0.0120376918687
31.3,0.0123538873312
31.32,0.0156237053415
31.34,0.0173827291074
31.36,0.0198807235374
31.38,0.0254223415713
31.4,0.0246111463793
31.42,0.0258256100711
31.44,0.0294943352824
31.46,0.0315222873122
31.48,0.0326731517936
31.5,0.0375753215608
31.52,0.0323439004472
31.54,0.0327726480929
31.56,0.0335817069348
31.58,0.0326256050583
31.6,0.0343415756591
31.62,0.0335040396557
31.64,0.0308926501979
31.66,0.0288680847516
31.68,0.0232770626546
31.7,0.0160236757938
31.72,0.00956129646437
31.74,0.00942945114259
31.76,0.00509891508047
31.78,0.00493553387916
31.8,0.0053520780666
31.82,0.0111158963086
31.84,0.0110381386593
31.86,0.0135423925369
31.88,0.0156041291141
31.9,0.01872967686
31.92,0.0193600743368
31.94,0.021222480105
31.96,0.0239109503932
31.98,0.0241779441859
32.0,0.0294489341541
32.02,0.0277431389227
32.04,0.0312861729298
32.06,0.0342954287532
32.08,0.0360896106901
32.1,0.0366583633569
32.12,0.0315079944068
32.14,0.0267353765291
32.16,0.0285143685852
32.18,0.0300098195541
32.2,0.0314688918657
32.22,0.0294962643308
32.24,0.0304311193695
32.26,0.0332141426271
32.28,0.0279961907219
32.3,0.0287126392421
32.32,0.0317962323339
32.34,0.0291729258899
32.36,0.0305315998047
32.38,0.0273822947925
32.4,0.0277021197647
32.42,0.0277081983486
32.44,0.0317452398644
32.46,0.0349336971385
32.48,0.0352667439544
32.5,0.0329038369229
32.52,0.0334557070036
32.54,0.0377749187779
32.56,0.0406119264634
32.58,0.0392237802621
32.6,0.0377954602052
32.62,0.0380039548061
32.64,0.0397172955049
32.66,0.0373247465693
32.68,0.03630638577
32.7,0.0342893396835
32.72,0.0322765902952
32.74,0.030262396221
32.76,0.0295193608876
32.78,0.0303480172224
32.8,0.0310073765471
32.82,0.0347295511107
32.84,0.037898587819
32.86,0.042006868464
32.88,0.0441010234079
32.9,0.0461464271076
32.92,0.0405686521774
32.94,0.0442623946654
32.96,0.046252275979
32.98,0.0390798462084
33.0,0.0348182843211
33.02,0.032900276632
33.04,0.0332865974497
33.06,0.0349157965219
33.08,0.0335741114245
33.1,0.0333040130602
33.12,0.0383082332088
33.14,0.0369690421503
33.16,0.0388963405654
33.18,0.0397996497224
33.2,0.0451981290936
33.22,0.0407293378259
33.24,0.0383753181429
33.26,0.0425296916778
33.28,0.0414475240482
33.3,0.0393652002757
33.32,0.0318942989946
33.34,0.0284060995468
33.36,0.0339870952445
33.38,0.0349074675238
33.4,0.0371746053754
33.42,0.0346054050053
33.44,0.0360492159475
33.46,0.0304100503671
33.48,0.0275656170813
33.5,0.0265372153006
33.52,0.0248554731527
33.54,0.0201080819977
33.56,0.0138272693845
33.58,0.0107583550274
33.6,0.0101068229031
33.62,0.0121508244748
33.64,0.0120421032616
33.66,0.0137128001618
33.68,0.0186277768019
33.7,0.019873556775
33.72,0.0240697563605
33.74,0.0243105684711
33.76,0.0279306810106
33.78,0.0340284420694
33.8,0.0358408368512
33.82,0.0356941955574
33.84,0.0386523508253
33.86,0.0390402010241
33.88,0.0455865403317
33.9,0.0492830166513
33.92,0.0508884547773
33.94,0.0558287793713
33.96,0.0559584458473
33.98,0.0553370554157
34.0,0.0545965097929
34.02,0.0522918262145
34.04,0.04533338977
34.06,0.0416680862032
34.08,0.0409824884947
34.1,0.0398332023183
34.12,0.0385178784064
34.14,0.0398673441261
34.16,0.042010249715
34.18,0.0431506291067
34.2,0.0401004810402
34.22,0.0368812631805
34.24,0.0354552404737
34.26,0.0351704134814
34.28,0.0345375231489
34.3,0.0310639254414
34.32,0.0245976627754
34.34,0.024854642801
34.36,0.0262999407304
34.38,0.0229268819517
34.4,0.0238370849243
34.42,0.0238055732721
34.44,0.0294624077327
34.46,0.030569308938
34.48,0.0351690873651
34.5,0.0332001769664
34.52,0.0329848784242
34.54,0.0221427912985
34.56,0.0256391268343
34.58,0.0282192632334
34.6,0.0304621971267
34.62,0.0322143714307
34.64,0.0323456123485
34.66,0.0268692754298
34.68,0.0297933903394
34.7,0.032659192865
34.72,0.0331818255446
34.74,0.038440091651
34.76,0.0413966733158
34.78,0.0436834028087
34.8,0.0437145441791
34.82,0.0456731453942
34.84,0.0472693347305
34.86,0.0443022884742
34.88,0.0430782066515
34.9,0.0406983175726
34.92,0.0330062647748
34.94,0.0305244336556
34.96,0.0252762617194
34.98,0.0196392293707
35.0,0.0183140593609
35.02,0.0178659916428
35.04,0.0221453007991
35.06,0.0227463583579
35.08,0.025444666713
35.1,0.0251858768222
35.12,0.0273138497178
35.14,0.0301586375168
35.16,0.0264507122755
35.18,0.0268849916449
35.2,0.0261233265549
35.22,0.0286089811308
35.24,0.0312096983794
35.26,0.0326843880593
35.28,0.0350465394497
35.3,0.0351944484684
35.32,0.0331879533485
35.34,0.0353235780527
35.36,0.0375104164232
35.38,0.042417931194
35.4,0.0428388684207
35.42,0.0488462891096
35.44,0.0487751357168
35.46,0.0437626552468
35.48,0.0369210219354
35.5,0.0311322140667
35.52,0.0295377784961
35.54,0.0302221482373
35.56,0.0341285379552
35.58,0.0335386280809
35.6,0.0355639918597
35.62,0.0379279138797
35.64,0.0377128650672
35.66,0.0330540646927
35.68,0.0289925869198
35.7,0.0267236639027
35.72,0.0216981401565
35.74,0.0223103232235
35.76,0.0231371865245
35.78,0.0233199873615
35.8,0.0260879090357
35.82,0.0329531516883
35.84,0.0349753488759
35.86,0.0346966285744
35.88,0.034042044576
35.9,0.030658849458
35.92,0.0256366957671
35.94,0.025409870936
35.96,0.023169483691
35.98,0.023169483691
36.0,0.0247692240254
36.02,0.0266584309064
36.04,0.0225636708011
36.06,0.0211993912566
36.08,0.0234934694193
36.1,0.0276722184873
36.12,0.0294702323035
36.14,0.0319246808317
36.16,0.0364208884646
36.18,0.0385757248764
36.2,0.0370420136253
36.22,0.0343869813555
36.24,0.0357147400199
36.26,0.040685197038
36.28,0.0455790322951
36.3,0.0436391072533
36.32,0.0385341757901
36.34,0.0330498600199
36.36,0.0252292928542
36.38,0.0234794933261
36.4,0.0175796312616
36.42,0.0174096879358
36.44,0.0148609120192
36.46,0.0179387881152
36.48,0.0167865045844
36.5,0.0171934631663
36.52,0.0221290091433
36.54,0.0272827325074
36.56,0.0302969829859
36.58,0.0309975700646
36.6,0.0299241767807
36.62,0.0311694090975
36.64,0.0298898882842
36.66,0.0256039290641
36.68,0.0239314714906
36.7,0.0233485474408
36.72,0.0205495188614
36.74,0.0171520014323
36.76,0.0164981376187
36.78,0.0165686098678
36.8,0.020944039326
36.82,0.0200664207047
36.84,0.0196001006129
36.86,0.0207569957575
36.88,0.0208034670968
36.9,0.0235197650827
36.92,0.0255092730083
36.94,0.0256310390156
36.96,0.0312365387131
36.98,0.034891530752
37.0,0.0356848221982
37.02,0.0378550039572
37.04,0.0407479941559
37.06,0.042063808168
37.08,0.0400146591393
37.1,0.0366620933459
37.12,0.040713420757
37.14,0.0404215097008
37.16,0.0417264982245
37.18,0.0455913712966
37.2,0.0482420087188
37.22,0.0483315205303
37.24,0.0474159601063
37.26,0.044045772381
37.28,0.039292246983
37.3,0.0353331997192
37.32,0.0378642385441
37.34,0.0379841315701
37.36,0.0372714120354
37.38,0.0330778347734
37.4,0.0310948139191
37.42,0.0269659624814
37.44,0.0221490507389
37.46,0.0203439442324
37.48,0.0216272664799
37.5,0.0242247689443
37.52,0.0249333946398
37.54,0.0258218887126
37.56,0.0300909394445
37.58,0.0342761233011
37.6,0.0358053719593
37.62,0.0333631763961
37.64,0.0323446523005
37.66,0.03271154845
37.68,0.0309959547705
37.7,0.0306773871529
37.72,0.0281745828041
37.74,0.022156245483
37.76,0.0197476207638
37.78,0.0202212782027
37.8,0.0235311412323
37.82,0.0235608071501
37.84,0.0263855670194
37.86,0.0315871428274
37.88,0.031969385961
37.9,0.0280932254511
37.92,0.0287900011859
37.94,0.0326931224152
37.96,0.0274248026062
37.98,0.0285059296589
38.0,0.0295525143765
38.02,0.0336242145264
38.04,0.0347493083196
38.06,0.0369714963968
38.08,0.0402897264746
38.1,0.0421066451885
38.12,0.0473358001057
38.14,0.0531670798566
38.16,0.0548674450235
38.18,0.0574829147954
38.2,0.0551922074253
38.22,0.0466978347126
38.24,0.0466978347126
38.26,0.0504981705907
38.28,0.0530231781103
38.3,0.055448514934
38.32,0.0533051581653
38.34,0.05622852871
38.36,0.0533194516918
38.38,0.0524924592256
38.4,0.0529920224116
38.42,0.0474760252799
38.44,0.0427264566488
38.46,0.0339541057204
38.48,0.0313276585941
38.5,0.0302317696124
38.52,0.0325743960398
38.54,0.0308089190124
38.56,0.0237749443614
38.58,0.0253320026184
38.6,0.0284877296822
38.62,0.0299740560971
38.64,0.031629011494
38.66,0.0346108773752
38.68,0.0358286405458
38.7,0.0395265915285
38.72,0.0416053410132
38.74,0.045851176771
38.76,0.0482608260669
38.78,0.0479333629547
38.8,0.0452784771288
38.82,0.0409477151069
38.84,0.0386575132196
38.86,0.0355065870867
38.88,0.0289059377478
38.9,0.0255411794682
38.92,0.0190134514532
38.94,0.0163226517426
38.96,0.0173605333803
38.98,0.0226991243206
39.0,0.0234833122203
39.02,0.0261671476248
39.04,0.023655600777
39.06,0.0263880271574
39.08,0.0263880271574
39.1,0.0224556853163
39.12,0.0218026624893
39.14,0.0215738348751
39.16,0.0237001025342
39.18,0.0257389997408
39.2,0.0283105791908
39.22,0.0292895447634
39.24,0.0320601134704
39.26,0.0316215301108
39.28,0.0302737459822
39.3,0.0290197339553
39.32,0.029216865865
39.34,0.0348490627722
39.36,0.0323132701031
39.38,0.0331143082494
39.4,0.0343908229055
39.42,0.0320452224833
39.44,0.0296098418475
39.46,0.0288711415638
39.48,0.0289833551917
39.5,0.0245317721951
39.52,0.0210372710595
39.54,0.0222493204366
39.56,0.0230263436123
39.58,0.0155208050891
39.6,0.0140991535139
39.62,0.0119435613315
39.64,0.0168995143094
39.66,0.0185807375158
39.68,0.020383591411
39.7,0.0232896454173
39.72,0.0269905255682
39.74,0.0284433970556
39.76,0.0315802118377
39.78,0.0399968943488
39.8,0.0436392450724
39.82,0.0401799134759
39.84,0.0388530262427
39.86,0.0334012260228
39.88,0.0299351376775
39.9,0.0281341933723
39.92,0.0209903886889
39.94,0.0172344679068
39.96,0.0181774015857
39.98,0.016933955912
40.0,0.0152245484491
40.02,0.0171107440254
40.04,0.0209331414704
40.06,0.0226077799718
40.08,0.0266711688873
40.1,0.0276556882472
40.12,0.0313166208337
40.14,0.0346499536559
40.16,0.0364317539636
40.18,0.0403052504905
40.2,0.041644887695
40.22,0.0353868380249
40.24,0.0340721933075
40.26,0.0371805065328
40.28,0.0353269921148
40.3,0.0378168344278
40.32,0.0400094882643
40.34,0.0406030740155
40.36,0.0398628527876
40.38,0.042575483538
40.4,0.0453811854573
40.42,0.0414974424595
40.44,0.0408847839103
40.46,0.036998930573
40.48,0.0339635900624
40.5,0.0271470562331
40.52,0.026553264972
40.54,0.0288382998018
40.56,0.0235391847228
40.58,0.0225406676854
40.6,0.018769400521
40.62,0.0130426229651
40.64,0.00942684850707
40.66,0.0127315939678
40.68,0.0158931207915
40.7,0.0186699266456
40.72,0.0216186004891
40.74,0.0250269433835
40.76,0.0252394910047
40.78,0.0189522325647
40.8,0.0209998357939
40.82,0.0180807412948
40.84,0.0186416571271
40.86,0.0157509896454
40.88,0.0151864551278
40.9,0.0157744965962
40.92,0.0182475293468
40.94,0.0183449197545
40.96,0.0216823012468
40.98,0.0273260476329
41.0,0.0273830187946
41.02,0.0319274794773
41.04,0.0320409657819
41.06,0.0334514594538
41.08,0.0414487047079
41.1,0.0430737118841
41.12,0.0440887866309
41.14,0.0463648241056
41.16,0.044742544197
41.18,0.0446639460356
41.2,0.0459403408985
41.22,0.0406959451115
41.24,0.036627179365
41.26,0.0347023609403
41.28,0.0324486304047
41.3,0.0324946102681
41.32,0.0313555007841
41.34,0.0341086318796
41.36,0.0376010413332
41.38,0.0376010413332
41.4,0.0398835416683
41.42,0.0435020258835
41.44,0.0453972434231
41.46,0.0414285471947
41.48,0.037031355292
41.5,0.0330520277457
41.52,0.032532932896
41.54,0.0354891037868
41.56,0.0359671589247
41.58,0.0351072558705
41.6,0.0389386772744
41.62,0.0401466615743
41.64,0.0388014953552
41.66,0.0352131208664
41.68,0.031758032071
41.7,0.0333969737009
41.72,0.0353604664736
41.74,0.0321823991192
41.76,0.0319530203336
41.78,0.0313198871246
41.8,0.0309190912093
41.82,0.0342612689134
41.84,0.031574436234
41.86,0.026304739693
41.88,0.0251121671533
41.9,0.0247905725877
41.92,0.0199059581428
41.94,0.0244581501129
41.96,0.0256601055933
41.98,0.026273518696
42.0,0.0271297467894
42.02,0.031978454756
42.04,0.027938257194
42.06,0.0286511393271
42.08,0.0321021318801
42.1,0.0335058184248
42.12,0.0344231795584
42.14,0.0353617792586
42.16,0.0336011066984
42.18,0.0390637816722
42.2,0.0344965741054
42.22,0.0333253323683
42.24,0.0293908382924
42.26,0.0301107376154
42.28,0.0280975375511
42.3,0.02372405872
42.32,0.0194207970316
42.34,0.0229927707401
42.36,0.0253489651492
42.38,0.0228874740223
42.4,0.0212140027714
42.42,0.0237841015528
42.44,0.0264274041796
42.46,0.026977508559
42.48,0.0298970955589
42.5,0.0357919480682
42.52,0.0412526068296
42.54,0.0409919331508
42.56,0.0422879984629
42.58,0.0475132685569
42.6,0.049382950232
42.62,0.0520384466375
42.64,0.0507944210668
42.66,0.0461497115004
42.68,0.0461497115004
42.7,0.0473413876278
42.72,0.0415963086416
42.74,0.0372794787074
42.76,0.0310700692898
42.78,0.0285926555309
42.8,0.0315520796715
42.82,0.0331362952136
42.84,0.0313894481879
42.86,0.031390271999
42.88,0.0295717560744
42.9,0.0284828019305
42.92,0.0224331466628
42.94,0.0187279929107
42.96,0.0186363570865
42.98,0.0224364107171
43.0,0.0264384640343
43.02,0.031783147581
43.04,0.0326171311065
43.06,0.0387705244134
43.08,0.0394511239271
43.1,0.0423523218666
43.12,0.0395549674727
43.14,0.0364773342764
43.16,0.0318650579377
43.18,0.0255416756918
43.2,0.0186648541403
43.22,0.0169102341447
43.24,0.0165141296965
43.26,0.0174476705371
43.28,0.0196988916293
43.3,0.0227601916119
43.32,0.025941109458
43.34,0.0284250929172
43.36,0.0280592245371
43.38,0.0276003363476
43.4,0.0284453614514
43.42,0.0304302279469
43.44,0.0304598555442
43.46,0.0289202617799
43.48,0.0280408918826
43.5,0.0330739433181
43.52,0.0351385470226
43.54,0.0362683504155
43.56,0.0444860746523
43.58,0.0422641132419
43.6,0.0366479825872
43.62,0.0369738242269
43.64,0.0339943494477
43.66,0.0337441412171
43.68,0.0346013567192
43.7,0.0419204047294
43.72,0.0448138233024
43.74,0.0441412630771
43.76,0.0422340296961
43.78,0.0410742798934
43.8,0.0375478371682
43.82,0.0322964890834
43.84,0.0323021789542
43.86,0.0306595133978
43.88,0.0322384992707
43.9,0.0356426654875
43.92,0.0371393613318
43.94,0.0398152124939
43.96,0.0358963703902
43.98,0.0357646693866
44.0,0.031680550248
44.02,0.0271018868734
44.04,0.0214643458609
44.06,0.0150715791417
44.08,0.0115618812083
44.1,0.0117069612458
44.12,0.0125673805606
44.14,0.0157033278031
44.16,0.0212038232482
44.18,0.0232084044361
44.2,0.0240457237952
44.22,0.0246327473004
44.24,0.0225346714058
44.26,0.019796923807
44.28,0.0220457900799
44.3,0.0262805766199
44.32,0.0268031441088
44.34,0.0280186008332
44.36,0.0275108794445
44.38,0.0292182938749
44.4,0.0313097307188
44.42,0.0357013500278
44.44,0.040508756005
44.46,0.0444280130919
44.48,0.0484425780237
44.5,0.0479991458742
44.52,0.0476526145761
44.54,0.0466869259525
44.56,0.0436411735276
44.58,0.0380768433276
44.6,0.0357686765758
44.62,0.034250662035
44.64,0.033011029172
44.66,0.0273330831526
44.68,0.0225380761206
44.7,0.0202407347638
44.72,0.0135447771067
44.74,0.0145424733915
44.76,0.0158303633049
44.78,0.019026924019
44.8,0.0240177012924
44.82,0.0262025785237
44.84,0.027345565632
44.86,0.0275190148298
44.88,0.0299163233418
44.9,0.0304072291503
44.92,0.0306234625713
44.94,0.030632773782
44.96,0.0312161006714
44.98,0.034668375061
45.0,0.0377683496254
45.02,0.0399936038097
45.04,0.0438079041961
45.06,0.0467985509741
45.08,0.0491951151559
45.1,0.0475200338312
45.12,0.0449820570686
45.14,0.0439824807012
45.16,0.0389516265331
45.18,0.0372304664596
45.2,0.0333138555667
45.22,0.0321919812571
45.24,0.0313942013968
45.26,0.0350977731627
45.28,0.036787102388
45.3,0.0385066540785
45.32,0.0372793951091
45.34,0.0391202778986
45.36,0.0430153570162
45.38,0.043086176379
45.4,0.0421891326991
45.42,0.0415308491128
45.44,0.0394658095107
45.46,0.0359974303463
45.48,0.0341528673324
45.5,0.0361352543815
45.52,0.0362409333922
45.54,0.0391663375123
45.56,0.0371999775316
45.58,0.0345720317907
45.6,0.0337899719966
45.62,0.0285012529296
45.64,0.0213617921261
45.66,0.0162211868754
45.68,0.00877971887052
45.7,0.00680974496651
45.72,0.00792598655539
45.74,0.00906940748483
45.76,0.0090970024161
45.78,0.00947116101004
45.8,0.00985764512531
45.82,0.0112743718394
45.84,0.014099402886
45.86,0.0157426674827
45.88,0.0205352348143
45.9,0.0199547044604
45.92,0.0209131685275
45.94,0.0224454495814
45.96,0.0246768577821
45.98,0.0269362512593
46.0,0.0288973274844
46.02,0.0321737117246
46.04,0.0346212480933
46.06,0.0307282612715
46.08,0.0311388490597
46.1,0.0330641489701
46.12,0.0391088253555
46.14,0.0358018455591
46.16,0.0332131877111
46.18,0.0315004529731
46.2,0.0307871214124
46.22,0.0277860249559
46.24,0.0253103129119
46.26,0.0258074522949
46.28,0.0279325973724
46.3,0.0279192361833
46.32,0.025311469366
46.34,0.0243235707945
46.36,0.0280640813019
46.38,0.0320833804054
46.4,0.0306841744406
46.42,0.0318080808483
46.44,0.0321258029713
46.46,0.0340399370574
46.48,0.0361353521097
46.5,0.0354461230366
46.52,0.0312489156483
46.54,0.0335300716146
46.56,0.03293813057
46.58,0.0375920936612
46.6,0.0390232479397
46.62,0.0360119674917
46.64,0.0337777011447
46.66,0.0335286939216
46.68,0.0343358905756
46.7,0.0351763142338
46.72,0.0315175896298
46.74,0.0347161063737
46.76,0.0364019069668
46.78,0.0378255470388
46.8,0.0421227270916
46.82,0.0442846231957
46.84,0.0446670440757
46.86,0.0438108463592
46.88,0.0478064013522
46.9,0.0448698911395
46.92,0.0390892492115
46.94,0.0372676226054
46.96,0.0392520663967
46.98,0.0400118600008
47.0,0.038693399661
47.02,0.0369838481237
47.04,0.0356869860262
47.06,0.0329491432721
47.08,0.0313724657523
47.1,0.027026325041
47.12,0.0213883282637
47.14,0.022911256735
47.16,0.0203471462043
47.18,0.0222303488663
47.2,0.0240336118217
47.22,0.0245649407234
47.24,0.0248256038992
47.26,0.0288501636817
47.28,0.0309309481429
47.3,0.0340530937045
47.32,0.0386931029237
47.34,0.0416915006864
47.36,0.044403149218
47.38,0.0458548971341
47.4,0.0471943519227
47.42,0.0508350936395
47.44,0.0508350936395
47.46,0.0446594199896
47.48,0.0372106501845
47.5,0.0303322370133
47.52,0.0288606514179
47.54,0.0285803641667
47.56,0.033183619981
47.58,0.0356580397409
47.6,0.0361763392493
47.62,0.0372816049289
47.64,0.0393447066965
47.66,0.0417489995248
47.68,0.0436369454847
47.7,0.0441885343235
47.72,0.0505153132795
47.74,0.0469308934409
47.76,0.0444954908761
47.78,0.0446737609146
47.8,0.0395444176037
47.82,0.0400119610496
47.84,0.0395744585451
47.86,0.0407111176823
47.88,0.0439861860883
47.9,0.0487134625575
47.92,0.0475984009145
47.94,0.0438496887871
47.96,0.0479278230156
47.98,0.0478406028192
48.0,0.0480657678656
48.02,0.0503585138939
48.04,0.0530226153335
48.06,0.054685335084
48.08,0.0599475380109
48.1,0.0561566431501
48.12,0.0503831522138
48.14,0.0500485295443
48.16,0.0525607094488
48.18,0.0495820387317
48.2,0.0443302317793
48.22,0.0362767429996
48.24,0.0320831292487
48.26,0.0261289056114
48.28,0.0208282480239
48.3,0.0189472223087
48.32,0.0121108066614
48.34,0.00802390704451
48.36,0.0110728506236
48.38,0.0101179442293
48.4,0.0108580047476
48.42,0.0121781398185
48.44,0.0183258796411
48.46,0.0190184575576
48.48,0.0235966883544
48.5,0.0259650093423
48.52,0.0283369352615
48.54,0.0309875422466
48.56,0.0357677567865
48.58,0.0352009969126
48.6,0.0337341749478
48.62,0.0260006081744
48.64,0.0206491142018
48.66,0.0131192938872
48.68,0.00883428821927
48.7,0.00939603450849
48.72,0.00889804323101
48.74,0.00967102361304
48.76,0.0100663083299
48.78,0.0109756220058
48.8,0.0111627275443
48.82,0.0121627874854
48.84,0.0162955872436
48.86,0.018758759902
48.88,0.0218955459833
48.9,0.0234382730984
48.92,0.0262625262387
48.94,0.028936099104
48.96,0.0266316077993
48.98,0.026185683571
49.0,0.0290396986937
49.02,0.0311488205504
49.04,0.0327740639703
49.06,0.0352639723278
49.08,0.0370607465736
49.1,0.0423513427422
49.12,0.0433981901356
49.14,0.0450050782518
49.16,0.0489743174054
49.18,0.050638210099
49.2,0.0534572274556
49.22,0.0563097545319
49.24,0.0529916638982
49.26,0.0473648059479
49.28,0.0401541368677
49.3,0.0357655155582
49.32,0.0303644212254
49.34,0.0225991423003
49.36,0.0195727245246
49.38,0.0191494485507
49.4,0.023492949418
49.42,0.0275843745983
49.44,0.0293187240205
49.46,0.0348397426768
49.48,0.036770387915
49.5,0.041948973356
49.52,0.0425874464101
49.54,0.0451075314089
49.56,0.0477606857878
49.58,0.0459555712881
49.6,0.0405302331501
49.62,0.0373689977523
49.64,0.0328215269744
49.66,0.0355537445432
49.68,0.0323886077296
49.7,0.0325892412208
49.72,0.0352100508563
49.74,0.0354522189087
49.76,0.0398236350723
49.78,0.0380735572114
49.8,0.034042322522
49.82,0.0295854894163
49.84,0.025529720141
49.86,0.0200324959749
49.88,0.0162035238637
49.9,0.0110992694016
49.92,0.00442457520726
49.94,0.00420792392149
49.96,0.00475908832472
49.98,0.00604766259905
50.0,0.0111771384732
50.02,0.0125699020695
50.04,0.0094113813244
50.06,0.0105594563173
50.08,0.0113492918694
50.1,0.0147369537189
50.12,0.0194030220903
50.14,0.0192430284333
50.16,0.0236855702487
50.18,0.0256809412699
50.2,0.024785395435
50.22,0.0247505504753
50.24,0.0267566415268
50.26,0.0267392372038
50.28,0.0258669855966
50.3,0.030234992497
50.32,0.0323724905201
50.34,0.0268935004122
50.36,0.026144261687
50.38,0.0275790279236
50.4,0.0268320705678
50.42,0.0300410334394
50.44,0.0318491816681
50.46,0.0295675117754
50.48,0.0241812331842
50.5,0.0238743093605
50.52,0.0219803876179
50.54,0.0204537092403
50.56,0.020940269911
50.58,0.021442377919
50.6,0.0237858936042
50.62,0.0247513143098
50.64,0.0197403810918
50.66,0.0200852057014
50.68,0.0272328605873
50.7,0.0284794333446
50.72,0.0292631705014
50.74,0.031119010934
50.76,0.0334517424971
50.78,0.0323215647111
50.8,0.0318361855945
50.82,0.0300546421808
50.84,0.0261048364096
50.86,0.0277389037208
50.88,0.0286707117155
50.9,0.0267377769688
50.92,0.0284931845289
50.94,0.0288961156142
50.96,0.0289430516379
50.98,0.0349409337336
51.0,0.0338265509537
51.02,0.0379591588394
51.04,0.041165007583
51.06,0.0417541325357
51.08,0.0412341745763
51.1,0.0412017743198
51.12,0.0339671701695
51.14,0.0354047520408
51.16,0.0378915410657
51.18,0.035191185586
51.2,0.0311301846753
51.22,0.0258226238539
51.24,0.0222758255769
51.26,0.0257689389365
51.28,0.0289494566359
51.3,0.0301167402694
51.32,0.0306228850342
51.34,0.02999076363
51.36,0.0328875120761
51.38,0.0349316238313
51.4,0.0381998019983
51.42,0.0396976962779
51.44,0.0371333978725
51.46,0.03569486147
51.48,0.0317614760896
51.5,0.0321294863258
51.52,0.0307870113056
51.54,0.0280064460537
51.56,0.0271079994344
51.58,0.0243590402512
51.6,0.0169010626128
51.62,0.0148400648581
51.64,0.0156735186203
51.66,0.0173691590483
51.68,0.0159299596287
51.7,0.0179182189316
51.72,0.0220152197528
51.74,0.0254127460464
51.76,0.0271309423111
51.78,0.029877419397
51.8,0.0298692354055
51.82,0.0302098038815
51.84,0.0354758092746
51.86,0.0373630928573
51.88,0.0435697467805
51.9,0.042029143324
51.92,0.0417586774629
51.94,0.0397695097443
51.96,0.0320151308426
51.98,0.0282724515929
52.0,0.0250108645197
52.02,0.0227129450167
52.04,0.0218097759302
52.06,0.0255925053299
52.08,0.0323599150707
52.1,0.0325639948593
52.12,0.0331703206376
52.14,0.0342269042346
52.16,0.0352907383134
52.18,0.0382217913939
52.2,0.0409850158062
52.22,0.0406941842367
52.24,0.0396007437978
52.26,0.0408997597232
52.28,0.0346733562212
52.3,0.0324388778503
52.32,0.0332426342014
52.34,0.031815975044
52.36,0.0264305641956
52.38,0.027921820446
52.4,0.0236216958233
52.42,0.0189371803109
52.44,0.0224474137834
52.46,0.02588009446
52.48,0.0267777820924
52.5,0.0303995560375
52.52,0.0324138809949
52.54,0.034221293303
52.56,0.0401894787137
52.58,0.0425103696442
52.6,0.04106390272
52.62,0.0343524949462
52.64,0.0361833326688
52.66,0.0386897707072
52.68,0.0364441556837
52.7,0.0306498012177
52.72,0.0279518583391
52.74,0.0293645166961
52.76,0.0356202161039
52.78,0.0371542776276
52.8,0.0354792446276
52.82,0.0339273270423
52.84,0.0308700224734
52.86,0.029717053878
52.88,0.0324544742043
52.9,0.0324220123845
52.92,0.0321591005636
52.94,0.0353364900601
52.96,0.0387819107062
52.98,0.0375776020789
53.0,0.0405746650143
53.02,0.0407234140587
53.04,0.041669297075
53.06,0.0389632653679
53.08,0.0362156534606
53.1,0.0389668925564
53.12,0.0372255149013
53.14,0.0317526848129
53.16,0.0317526848129
53.18,0.0231465952362
53.2,0.0208277186414
53.22,0.0177566236568
53.24,0.0198649579871
53.26,0.0237123841623
53.28,0.0274205383758
53.3,0.0314532210332
53.32,0.0341821270945
53.34,0.0352190226967
53.36,0.0375811314502
53.38,0.0418177266295
53.4,0.0469079392369
53.42,0.0484126137709
53.44,0.0515681973967
53.46,0.0513358754904
53.48,0.0441820358789
53.5,0.0428045726434
53.52,0.0443324945395
53.54,0.0474165245746
53.56,0.0431121834533
53.58,0.0447795591439
53.6,0.0417679595656
53.62,0.0339208281126
53.64,0.034423067046
53.66,0.0328764424962
53.68,0.0323847188162
53.7,0.0346513853375
53.72,0.0326169823991
53.74,0.0312314024516
53.76,0.0293566409767
53.78,0.0272539911843
53.8,0.0266516574453
53.82,0.0278758483534
53.84,0.0302861799977
53.86,0.0315731976081
53.88,0.0378922464409
53.9,0.0354668063854
53.92,0.0373817971457
53.94,0.0384724602369
53.96,0.0383034994619
53.98,0.0386035333187
54.0,0.0362543053486
54.02,0.0307288641335
54.04,0.0252095789365
54.06,0.0216355212151
54.08,0.0174486424119
54.1,0.0174770370895
54.12,0.0200445392988
54.14,0.0207710775913
54.16,0.0221780188655
54.18,0.0270362565242
54.2,0.0277841860643
54.22,0.0299866489479
54.24,0.0287008467973
54.26,0.0284226419149
54.28,0.0262226180881
54.3,0.0294895873567
54.32,0.0297218977239
54.34,0.0306279497566
54.36,0.0347008998736
54.38,0.0344584611795
54.4,0.0341425583671
54.42,0.0393318088098
54.44,0.0413635506132
54.46,0.0435074641059
54.48,0.0434031403975
54.5,0.0470207388131
54.52,0.0472614573761
54.54,0.047325904325
54.56,0.0416191144993
54.58,0.0371631090038
54.6,0.0351625348126
54.62,0.0312975107981
54.64,0.0339818582224
54.66,0.0314544636852
54.68,0.0279678513463
54.7,0.0248865843353
54.72,0.0229220582606
54.74,0.0290282117265
54.76,0.0337191182525
54.78,0.0344564291862
54.8,0.0350687447797
54.82,0.0361969955771
54.84,0.0361173367115
54.86,0.0351223941396
54.88,0.0340996514604
54.9,0.0349617812098
54.92,0.0375748560285
54.94,0.0391332317932
54.96,0.0391856514703
54.98,0.0358656631074
55.0,0.0317432894614
55.02,0.0309473783244
55.04,0.0308300590882
55.06,0.0300237110943
55.08,0.0337452677405
55.1,0.0383625669968
55.12,0.0414638357526
55.14,0.0430792234072
55.16,0.0405911614706
55.18,0.0421352189038
55.2,0.0382623731561
55.22,0.0321734975197
55.24,0.031882828033
55.26,0.0354441514329
55.28,0.0392443481846
55.3,0.0397945105796
55.32,0.0428902114198
55.34,0.046455023332
55.36,0.0425908177429
55.38,0.041648730412
55.4,0.0397242914673
